21/09/2022 7:56:00 AM +10:00,1663710960,18920.4,18935.6,18913.1,18935.6,-,-,-,,,,-,-,,,,,
21/09/2022 7:57:00 AM +10:00,1663711020,18933.2,18933.4,18918.7,18927.8,-,-,-,,,,-,-,,,,,
21/09/2022 7:58:00 AM +10:00,1663711080,18930.2,18931.8,18910.6,18916.1,-,-,-,,,,-,-,,,,,
21/09/2022 7:59:00 AM +10:00,1663711140,18916.2,18930.2,18876,18876,-,-,-,,,,-,-,,,,,
21/09/2022 8:00:00 AM +10:00,1663711200,18876,18910.7,18864.8,18910.7,-,-,-,,,,-,-,,,,,
21/09/2022 8:01:00 AM +10:00,1663711260,18912.1,18918.5,18895.8,18900.6,-,-,-,,,,-,-,,,,,
21/09/2022 8:02:00 AM +10:00,1663711320,18900.9,18900.9,18880.8,18900.8,-,-,-,,,,-,-,,,,,
21/09/2022 8:03:00 AM +10:00,1663711380,18902.3,18909.7,18884.5,18884.6,-,-,-,,,,-,-,,,,,
21/09/2022 8:04:00 AM +10:00,1663711440,18881.5,18904.6,18881.5,18902.6,-,-,-,,,,-,-,,,,,
21/09/2022 8:05:00 AM +10:00,1663711500,18897.3,18925,18897.3,18915.9,-,-,-,,,,-,-,,,,,
21/09/2022 8:06:00 AM +10:00,1663711560,18920.5,18924.1,18905.1,18910.9,-,-,-,,,,-,-,,,,,
21/09/2022 8:07:00 AM +10:00,1663711620,18910.8,18924,18907.5,18913.3,-,-,-,,,,-,-,,,,,
21/09/2022 8:08:00 AM +10:00,1663711680,18913.9,18927.2,18884.4,18890.8,-,-,-,,,,-,-,,,,,
21/09/2022 8:09:00 AM +10:00,1663711740,18890.7,18912,18890.7,18903.9,-,-,-,,,,-,-,,,,,
21/09/2022 8:10:00 AM +10:00,1663711800,18903.2,18924.4,18901,18919.6,-,-,-,,,,-,-,,,,,
21/09/2022 8:11:00 AM +10:00,1663711860,18919.7,18920.6,18906,18906,-,-,-,,,,-,-,,,,,
21/09/2022 8:12:00 AM +10:00,1663711920,18906.1,18907.9,18878,18879.9,-,-,-,,,,-,-,,,,,
21/09/2022 8:13:00 AM +10:00,1663711980,18879.9,18898.2,18871.7,18871.7,-,-,-,,,,-,-,,,,,
21/09/2022 8:14:00 AM +10:00,1663712040,18872.1,18882.5,18857,18857,-,-,-,,,,-,-,,,,,
21/09/2022 8:15:00 AM +10:00,1663712100,18857,18862,18837,18858.4,-,-,-,,,,-,-,,,,,
21/09/2022 8:16:00 AM +10:00,1663712160,18860.2,18887.3,18857.9,18882.3,-,-,-,,,,-,-,,,,,
21/09/2022 8:17:00 AM +10:00,1663712220,18885.7,18898,18885.7,18894.2,-,-,-,,,,-,-,,,,,
21/09/2022 8:18:00 AM +10:00,1663712280,18894.2,18900.1,18893.1,18895.7,-,-,-,,,,-,-,,,,,
21/09/2022 8:19:00 AM +10:00,1663712340,18896.7,18911.3,18889.2,18903.1,-,-,-,,,,-,-,,,,,
21/09/2022 8:20:00 AM +10:00,1663712400,18903.4,18905.9,18894.9,18894.9,-,-,-,,,,-,-,,,,,
21/09/2022 8:21:00 AM +10:00,1663712460,18894.9,18900.6,18888.6,18900.1,-,-,-,,,,-,-,,,,,
21/09/2022 8:22:00 AM +10:00,1663712520,18898.7,18905,18898.4,18902.1,-,-,-,,,,-,-,,,,,
21/09/2022 8:23:00 AM +10:00,1663712580,18900.8,18915.3,18899.4,18910,-,-,-,,,,-,-,,,,,
21/09/2022 8:24:00 AM +10:00,1663712640,18910.1,18931.5,18910.1,18926.4,-,-,-,,,,-,-,,,,,
21/09/2022 8:25:00 AM +10:00,1663712700,18928.6,18932,18922,18929.4,-,-,-,,,,-,-,,,,,
21/09/2022 8:26:00 AM +10:00,1663712760,18929.5,18940.7,18926,18935.4,-,-,-,,,,-,-,,,,,
21/09/2022 8:27:00 AM +10:00,1663712820,18937.8,18939.9,18924.1,18933.4,-,-,-,,,,-,-,,,,,
21/09/2022 8:28:00 AM +10:00,1663712880,18934,18940.9,18930.5,18935,-,-,-,,,,-,-,,,,,
21/09/2022 8:29:00 AM +10:00,1663712940,18935,18936.6,18925.1,18934.4,-,-,-,,,,-,-,,,,,
21/09/2022 8:30:00 AM +10:00,1663713000,18930.6,18954.1,18926.3,18944.3,-,-,-,,,,-,-,,,,,
21/09/2022 8:31:00 AM +10:00,1663713060,18946.1,18957,18946.1,18947.5,-,-,-,,,,-,-,,,,,
21/09/2022 8:32:00 AM +10:00,1663713120,18947.5,18955.5,18947.5,18948.9,-,-,-,,,,-,-,,,,,
21/09/2022 8:33:00 AM +10:00,1663713180,18947.9,18947.9,18921,18930.2,-,-,-,,,,-,-,,,,,
21/09/2022 8:34:00 AM +10:00,1663713240,18930.2,18930.2,18913.1,18915.7,-,-,-,,,,-,-,,,,,
21/09/2022 8:35:00 AM +10:00,1663713300,18915.7,18928.2,18915.7,18928.2,-,-,-,,,,-,-,,,,,
21/09/2022 8:36:00 AM +10:00,1663713360,18927.1,18937.3,18924.9,18937.3,-,-,-,,,,-,-,,,,,
21/09/2022 8:37:00 AM +10:00,1663713420,18936.9,18937,18909.3,18922.5,-,-,-,,,,-,-,,,,,
21/09/2022 8:38:00 AM +10:00,1663713480,18920.6,18925.2,18915.2,18920,-,-,-,,,,-,-,,,,,
21/09/2022 8:39:00 AM +10:00,1663713540,18921.1,18921.1,18901,18905,-,-,-,,,,-,-,,,,,
21/09/2022 8:40:00 AM +10:00,1663713600,18903.2,18913.2,18902.3,18911.7,-,-,-,,,,-,-,,,,,
21/09/2022 8:41:00 AM +10:00,1663713660,18910,18913.1,18904.6,18911.3,-,-,-,,,,-,-,,,,,
21/09/2022 8:42:00 AM +10:00,1663713720,18911.3,18948,18911.3,18945.5,-,-,-,,,,-,-,,,,,
21/09/2022 8:43:00 AM +10:00,1663713780,18944.1,18947.2,18935.1,18945.6,-,-,-,,,,-,-,,,,,
21/09/2022 8:44:00 AM +10:00,1663713840,18944.4,18959.7,18944.4,18955.2,-,-,-,,,,-,-,,,,,
21/09/2022 8:45:00 AM +10:00,1663713900,18955.1,18956.9,18943.3,18955,-,-,-,,,,-,-,,,,,
21/09/2022 8:46:00 AM +10:00,1663713960,18954.1,18957.6,18949.6,18954.5,-,-,-,,,,-,-,,,,,
21/09/2022 8:47:00 AM +10:00,1663714020,18953.8,18958.4,18936.9,18941.3,-,-,-,,,,-,-,,,,,
21/09/2022 8:48:00 AM +10:00,1663714080,18939.2,18940.6,18930,18940.6,-,-,-,,,,-,-,,,,,
21/09/2022 8:49:00 AM +10:00,1663714140,18940.3,18959.9,18940,18958.5,-,-,-,,,,-,-,,,,,
21/09/2022 8:50:00 AM +10:00,1663714200,18954,18959.6,18949.2,18950.3,-,-,-,,,,-,-,,,,,
21/09/2022 8:51:00 AM +10:00,1663714260,18951.9,18952.1,18942.6,18942.6,-,-,-,,,,-,-,,,,,
21/09/2022 8:52:00 AM +10:00,1663714320,18942.6,18957.6,18942.6,18956.6,-,-,-,,,,-,-,,,,,
21/09/2022 8:53:00 AM +10:00,1663714380,18956.6,18962,18947.9,18949.6,-,-,-,,,,-,-,,,,,
21/09/2022 8:54:00 AM +10:00,1663714440,18949.7,18953.6,18945.6,18947.8,-,-,-,,,,-,-,,,,,
21/09/2022 8:55:00 AM +10:00,1663714500,18947.8,18959,18947.1,18958.7,-,-,-,,,,-,-,,,,,
21/09/2022 8:56:00 AM +10:00,1663714560,18957.4,18958.1,18945.2,18945.2,-,-,-,,,,-,-,,,,,
21/09/2022 8:57:00 AM +10:00,1663714620,18945.1,18948,18943.2,18945.9,-,-,-,,,,-,-,,,,,
21/09/2022 8:58:00 AM +10:00,1663714680,18946,18955.5,18946,18955.4,-,-,-,,,,-,-,,,,,
21/09/2022 8:59:00 AM +10:00,1663714740,18954.3,18966.2,18954.3,18962,-,-,-,,,,-,-,,,,,
21/09/2022 9:00:00 AM +10:00,1663714800,18961.9,18966.9,18951.1,18952.5,-,-,-,,,,-,-,,,,,
21/09/2022 9:01:00 AM +10:00,1663714860,18954.8,18956.8,18947.7,18955.2,-,-,-,,,,-,-,,,,,
21/09/2022 9:02:00 AM +10:00,1663714920,18956.8,18956.8,18929.2,18929.2,-,-,-,,,,-,-,,,,,
21/09/2022 9:03:00 AM +10:00,1663714980,18933.1,18945.5,18929.5,18929.5,-,-,-,,,,-,-,,,,,
21/09/2022 9:04:00 AM +10:00,1663715040,18928.9,18928.9,18891.3,18891.6,-,-,-,,,,-,-,,,,,
21/09/2022 9:05:00 AM +10:00,1663715100,18894.9,18899.5,18890,18890.8,-,-,-,,,,-,-,,,,,
21/09/2022 9:06:00 AM +10:00,1663715160,18890.8,18893.5,18860.3,18860.4,-,-,-,,,,-,-,,,,,
21/09/2022 9:07:00 AM +10:00,1663715220,18860.4,18863.5,18842.8,18845.3,-,-,-,,,,-,-,,,,,
21/09/2022 9:08:00 AM +10:00,1663715280,18847.9,18858.9,18835.8,18837.9,-,-,-,,,,-,-,,,,,
21/09/2022 9:09:00 AM +10:00,1663715340,18835.9,18855.7,18821.8,18855.5,-,-,-,,,,-,-,,,,,
21/09/2022 9:10:00 AM +10:00,1663715400,18855.4,18872.1,18852.8,18867.4,-,-,-,,,,-,-,,,,,
21/09/2022 9:11:00 AM +10:00,1663715460,18868.6,18881.7,18852.3,18852.3,-,-,-,,,,-,-,,,,,
21/09/2022 9:12:00 AM +10:00,1663715520,18852.3,18858.9,18842.2,18852.3,-,-,-,,,,-,-,,,,,
21/09/2022 9:13:00 AM +10:00,1663715580,18852.6,18853.8,18835.5,18835.5,-,-,-,,,,-,-,,,,,
21/09/2022 9:14:00 AM +10:00,1663715640,18836.1,18841.4,18814,18814.2,-,-,-,,,,-,-,,,,,
21/09/2022 9:15:00 AM +10:00,1663715700,18815.7,18817.2,18773.3,18811.7,-,-,-,,,,-,-,,,,,
21/09/2022 9:16:00 AM +10:00,1663715760,18814.9,18832.1,18814.9,18822.9,-,-,-,,,,-,-,,,,,
21/09/2022 9:17:00 AM +10:00,1663715820,18822.9,18844.5,18822.8,18844.5,-,-,-,,,,-,-,,,,,
21/09/2022 9:18:00 AM +10:00,1663715880,18842.7,18847.5,18833.2,18839.8,-,-,-,,,,-,-,,,,,
21/09/2022 9:19:00 AM +10:00,1663715940,18842.7,18846.3,18828.5,18836.1,-,-,-,,,,-,-,,,,,
21/09/2022 9:20:00 AM +10:00,1663716000,18837,18846.6,18831.4,18844.7,-,-,-,,,,-,-,,,,,
21/09/2022 9:21:00 AM +10:00,1663716060,18846.6,18856.8,18846.6,18851.5,-,-,-,,,,-,-,,,,,
21/09/2022 9:22:00 AM +10:00,1663716120,18852.8,18857.9,18850.5,18855,-,-,-,,,,-,-,,,,,
21/09/2022 9:23:00 AM +10:00,1663716180,18855,18865.7,18855,18857.7,-,-,-,,,,-,-,,,,,
21/09/2022 9:24:00 AM +10:00,1663716240,18857.6,18868,18852.1,18862.8,-,-,-,,,,-,-,,,,,
21/09/2022 9:25:00 AM +10:00,1663716300,18862.8,18878.1,18855.7,18878.1,-,-,-,,,,-,-,,,,,
21/09/2022 9:26:00 AM +10:00,1663716360,18877.2,18883,18874.6,18878.6,-,-,-,,,,-,-,,,,,
21/09/2022 9:27:00 AM +10:00,1663716420,18878.6,18884,18872.4,18878.6,-,-,-,,,,-,-,,,,,
21/09/2022 9:28:00 AM +10:00,1663716480,18878.6,18898.4,18878.6,18886.1,-,-,-,,,,-,-,,,,,
21/09/2022 9:29:00 AM +10:00,1663716540,18886.1,18887.8,18867.1,18871.7,-,-,-,,,,-,-,,,,,
21/09/2022 9:30:00 AM +10:00,1663716600,18873.8,18875.1,18867.1,18867.7,-,-,-,,,,-,-,,,,,
21/09/2022 9:31:00 AM +10:00,1663716660,18869.9,18878.8,18869.9,18875.7,-,-,-,,,,-,-,,,,,
21/09/2022 9:32:00 AM +10:00,1663716720,18876.7,18888.6,18876.7,18888.6,-,-,-,,,,-,-,,,,,
21/09/2022 9:33:00 AM +10:00,1663716780,18886.9,18886.9,18880.5,18884.1,-,-,-,,,,-,-,,,,,
21/09/2022 9:34:00 AM +10:00,1663716840,18883.2,18883.2,18861,18865.8,-,-,-,,,,-,-,,,,,
21/09/2022 9:35:00 AM +10:00,1663716900,18867,18872.3,18865.8,18869.2,-,-,-,,,,-,-,,,,,
21/09/2022 9:36:00 AM +10:00,1663716960,18869.2,18872.5,18864.6,18871.6,-,-,-,,,,-,-,,,,,
21/09/2022 9:37:00 AM +10:00,1663717020,18871.6,18876.8,18870.5,18876.7,-,-,-,,,,-,-,,,,,
21/09/2022 9:38:00 AM +10:00,1663717080,18876.8,18884.4,18870.5,18872.7,-,-,-,,,,-,-,,,,,
21/09/2022 9:39:00 AM +10:00,1663717140,18872.8,18879.7,18870.5,18877.5,-,-,-,,,,-,-,,,,,
21/09/2022 9:40:00 AM +10:00,1663717200,18877.6,18884.6,18872.6,18873.7,-,-,-,,,,-,-,,,,,
21/09/2022 9:41:00 AM +10:00,1663717260,18874.5,18878.2,18872.3,18873.5,-,-,-,,,,-,-,,,,,
21/09/2022 9:42:00 AM +10:00,1663717320,18873.6,18878.2,18867,18868.8,-,-,-,,,,-,-,,,,,
21/09/2022 9:43:00 AM +10:00,1663717380,18869.8,18878.3,18867.7,18876.8,-,-,-,,,,-,-,,,,,
21/09/2022 9:44:00 AM +10:00,1663717440,18876.8,18877.4,18867.1,18871.9,-,-,-,,,,-,-,,,,,
21/09/2022 9:45:00 AM +10:00,1663717500,18872.8,18877.7,18865.8,18872.2,-,-,-,,,,-,-,,,,,
21/09/2022 9:46:00 AM +10:00,1663717560,18872.6,18887.5,18872.5,18881.6,-,-,-,,,,-,-,,,,,
21/09/2022 9:47:00 AM +10:00,1663717620,18882.7,18885.9,18875.2,18875.2,-,-,-,,,,-,-,,,,,
21/09/2022 9:48:00 AM +10:00,1663717680,18875.2,18875.3,18865.8,18869.5,-,-,-,,,,-,-,,,,,
21/09/2022 9:49:00 AM +10:00,1663717740,18869.5,18873.9,18867.6,18871.5,-,-,-,,,,-,-,,,,,
21/09/2022 9:50:00 AM +10:00,1663717800,18872.1,18881.7,18872.1,18881.6,-,-,-,,,,-,-,,,,,
21/09/2022 9:51:00 AM +10:00,1663717860,18881.5,18884.6,18870.1,18870.1,-,-,-,,,,-,-,,,,,
21/09/2022 9:52:00 AM +10:00,1663717920,18870.1,18870.1,18842.5,18850.2,-,-,-,,,,-,-,,,,,
21/09/2022 9:53:00 AM +10:00,1663717980,18850.2,18872.7,18850.1,18872.6,-,-,-,,,,-,-,,,,,
21/09/2022 9:54:00 AM +10:00,1663718040,18872.6,18905.9,18872.6,18904.8,-,-,-,,,,-,-,,,,,
21/09/2022 9:55:00 AM +10:00,1663718100,18904.8,18904.8,18895.2,18900,-,-,-,,,,-,-,,,,,
21/09/2022 9:56:00 AM +10:00,1663718160,18899.9,18899.9,18881.7,18885.1,-,-,-,,,,-,-,,,,,
21/09/2022 9:57:00 AM +10:00,1663718220,18885.1,18885.1,18860,18863.2,-,-,-,,,,-,-,,,,,
21/09/2022 9:58:00 AM +10:00,1663718280,18865,18872.6,18864.4,18872.2,-,-,-,,,,-,-,,,,,
21/09/2022 9:59:00 AM +10:00,1663718340,18872.5,18875.5,18870.8,18872.6,-,-,-,,,,-,-,,,,,
21/09/2022 10:00:00 AM +10:00,1663718400,18872.6,18880.5,18863.2,18866.6,-,-,-,,,,-,-,,,,,
21/09/2022 10:01:00 AM +10:00,1663718460,18865,18865,18833.1,18835,-,-,-,,,,-,-,,,,,
21/09/2022 10:02:00 AM +10:00,1663718520,18835.5,18882,18831.9,18867,-,-,-,,,,-,-,,,,,
21/09/2022 10:03:00 AM +10:00,1663718580,18869.8,18906.9,18869.8,18904.9,-,-,-,,,,-,-,,,,,
21/09/2022 10:04:00 AM +10:00,1663718640,18904.8,18928.9,18904.8,18923.3,-,-,-,,,,-,-,,,,,
21/09/2022 10:05:00 AM +10:00,1663718700,18919.9,18920.4,18898.2,18909.7,-,-,-,,,,-,-,,,,,
21/09/2022 10:06:00 AM +10:00,1663718760,18909.6,18909.6,18893.3,18893.3,-,-,-,,,,-,-,,,,,
21/09/2022 10:07:00 AM +10:00,1663718820,18893.4,18910.3,18890.1,18907.8,-,-,-,,,,-,-,,,,,
21/09/2022 10:08:00 AM +10:00,1663718880,18909.6,18912,18891,18904.1,-,-,-,,,,-,-,,,,,
21/09/2022 10:09:00 AM +10:00,1663718940,18906.6,18913.4,18906.6,18909.9,-,-,-,,,,-,-,,,,,
21/09/2022 10:10:00 AM +10:00,1663719000,18914.9,18953.6,18914.9,18945.4,-,-,-,,,,-,-,,,,,
21/09/2022 10:11:00 AM +10:00,1663719060,18945.4,18951.1,18928.9,18931.1,-,-,-,,,,-,-,,,,,
21/09/2022 10:12:00 AM +10:00,1663719120,18931.1,18951.2,18931.1,18951.2,-,-,-,,,,-,-,,,,,
21/09/2022 10:13:00 AM +10:00,1663719180,18951.1,18951.1,18940.4,18941.9,-,-,-,,,,-,-,,,,,
21/09/2022 10:14:00 AM +10:00,1663719240,18941.8,18951.9,18935.4,18949.6,-,-,-,,,,-,-,,,,,
21/09/2022 10:15:00 AM +10:00,1663719300,18949,18949,18924.1,18936.3,-,-,-,,,,-,-,,,,,
21/09/2022 10:16:00 AM +10:00,1663719360,18936.2,18936.2,18893.3,18898.5,-,-,-,,,,-,-,,,,,
21/09/2022 10:17:00 AM +10:00,1663719420,18904.4,18904.4,18859.1,18868.3,-,-,-,,,,-,-,,,,,
21/09/2022 10:18:00 AM +10:00,1663719480,18868.3,18895.5,18859.3,18891.4,-,-,-,,,,-,-,,,,,
21/09/2022 10:19:00 AM +10:00,1663719540,18893.2,18935.9,18885.7,18935.9,-,-,-,,,,-,-,,,,,
21/09/2022 10:20:00 AM +10:00,1663719600,18933.6,18953,18933.6,18940,-,-,-,,,,-,-,,,,,
21/09/2022 10:21:00 AM +10:00,1663719660,18940,18943.8,18917.5,18917.5,-,-,-,,,,-,-,,,,,
21/09/2022 10:22:00 AM +10:00,1663719720,18920.5,18928.3,18910.3,18910.3,-,-,-,,,,-,-,,,,,
21/09/2022 10:23:00 AM +10:00,1663719780,18910.3,18918.6,18903.4,18913,-,-,-,,,,-,-,,,,,
21/09/2022 10:24:00 AM +10:00,1663719840,18913.1,18925.4,18913,18917.3,-,-,-,,,,-,-,,,,,
21/09/2022 10:25:00 AM +10:00,1663719900,18917.1,18918.6,18906.5,18917.5,-,-,-,,,,-,-,,,,,
21/09/2022 10:26:00 AM +10:00,1663719960,18917.5,18928.2,18917.5,18921.4,-,-,-,,,,-,-,,,,,
21/09/2022 10:27:00 AM +10:00,1663720020,18921.2,18922.7,18915.6,18921.6,-,-,-,,,,-,-,,,,,
21/09/2022 10:28:00 AM +10:00,1663720080,18921.6,18933.8,18921.6,18927.2,-,-,-,,,,-,-,,,,,
21/09/2022 10:29:00 AM +10:00,1663720140,18929.3,18938.1,18921.6,18933.4,-,-,-,,,,-,-,,,,,
21/09/2022 10:30:00 AM +10:00,1663720200,18935.2,18940.6,18929.7,18932,-,-,-,,,,-,-,,,,,
21/09/2022 10:31:00 AM +10:00,1663720260,18932,18935.1,18896.8,18909,-,-,-,,,,-,-,,,,,
21/09/2022 10:32:00 AM +10:00,1663720320,18908.9,18916.1,18904.3,18905.2,-,-,-,,,,-,-,,,,,
21/09/2022 10:33:00 AM +10:00,1663720380,18905.1,18908.5,18879,18882.5,-,-,-,,,,-,-,,,,,
21/09/2022 10:34:00 AM +10:00,1663720440,18881.6,18883.3,18849.6,18856.8,-,-,-,,,,-,-,,,,,
21/09/2022 10:35:00 AM +10:00,1663720500,18856.3,18884.6,18844.7,18883.4,-,-,-,,,,-,-,,,,,
21/09/2022 10:36:00 AM +10:00,1663720560,18883.4,18890.7,18868.7,18888.5,-,-,-,,,,-,-,,,,,
21/09/2022 10:37:00 AM +10:00,1663720620,18889.3,18895.5,18867,18871.8,-,-,-,,,,-,-,,,,,
21/09/2022 10:38:00 AM +10:00,1663720680,18869.8,18895.1,18863.7,18895,-,-,-,,,,-,-,,,,,
21/09/2022 10:39:00 AM +10:00,1663720740,18895,18907.7,18885.6,18900.9,-,-,-,,,,-,-,,,,,
21/09/2022 10:40:00 AM +10:00,1663720800,18900.1,18904,18894.8,18898.3,-,-,-,,,,-,-,,,,,
21/09/2022 10:41:00 AM +10:00,1663720860,18899.6,18907.7,18891.2,18891.2,-,-,-,,,,-,-,,,,,
21/09/2022 10:42:00 AM +10:00,1663720920,18890.4,18897.3,18885.3,18890.5,-,-,-,,,,-,-,,,,,
21/09/2022 10:43:00 AM +10:00,1663720980,18890.5,18897.1,18884.5,18890.1,-,-,-,,,,-,-,,,,,
21/09/2022 10:44:00 AM +10:00,1663721040,18890.1,18913.8,18887,18912.5,-,-,-,,,,-,-,,,,,
21/09/2022 10:45:00 AM +10:00,1663721100,18912.4,18930.3,18912.4,18922.1,-,-,-,,,,-,-,,,,,
21/09/2022 10:46:00 AM +10:00,1663721160,18918.6,18923.7,18918.6,18918.9,-,-,-,,,,-,-,,,,,
21/09/2022 10:47:00 AM +10:00,1663721220,18919,18927.2,18918.9,18924.5,-,-,-,,,,-,-,,,,,
21/09/2022 10:48:00 AM +10:00,1663721280,18923,18924,18914.4,18918.1,-,-,-,,,,-,-,,,,,
21/09/2022 10:49:00 AM +10:00,1663721340,18918,18930.5,18914.5,18916.9,-,-,-,,,,-,-,,,,,
21/09/2022 10:50:00 AM +10:00,1663721400,18916.9,18921.9,18914.4,18920.7,-,-,-,,,,-,-,,,,,
21/09/2022 10:51:00 AM +10:00,1663721460,18921,18921.1,18911.9,18916,-,-,-,,,,-,-,,,,,
21/09/2022 10:52:00 AM +10:00,1663721520,18915.5,18920.8,18913,18920.8,-,-,-,,,,-,-,,,,,
21/09/2022 10:53:00 AM +10:00,1663721580,18920.8,18945.9,18920.7,18940,-,-,-,,,,-,-,,,,,
21/09/2022 10:54:00 AM +10:00,1663721640,18940,18942.7,18939,18942.7,-,-,-,,,,-,-,,,,,
21/09/2022 10:55:00 AM +10:00,1663721700,18944.9,18949.2,18942.7,18948.2,-,-,-,,,,-,-,,,,,
21/09/2022 10:56:00 AM +10:00,1663721760,18949.2,18949.2,18935,18938.6,-,-,-,,,,-,-,,,,,
21/09/2022 10:57:00 AM +10:00,1663721820,18937.4,18941.7,18922.8,18938.4,-,-,-,,,,-,-,,,,,
21/09/2022 10:58:00 AM +10:00,1663721880,18936.2,18941.7,18930.4,18934.5,-,-,-,,,,-,-,,,,,
21/09/2022 10:59:00 AM +10:00,1663721940,18934.5,18939.9,18925.5,18931.8,-,-,-,,,,-,-,,,,,
21/09/2022 11:00:00 AM +10:00,1663722000,18931.9,18941.3,18924.1,18927.4,-,-,-,,,,-,-,,,,,
21/09/2022 11:01:00 AM +10:00,1663722060,18927.4,18935.5,18924,18933.5,-,-,-,,,,-,-,,,,,
21/09/2022 11:02:00 AM +10:00,1663722120,18933.8,18941,18933.7,18935.1,-,-,-,,,,-,-,,,,,
21/09/2022 11:03:00 AM +10:00,1663722180,18935,18937.1,18929.6,18935.6,-,-,-,,,,-,-,,,,,
21/09/2022 11:04:00 AM +10:00,1663722240,18937,18940.6,18934.4,18939.5,-,-,-,,,,-,-,,,,,
21/09/2022 11:05:00 AM +10:00,1663722300,18939.6,18944.8,18939.6,18944.2,-,-,-,,,,-,-,,,,,
21/09/2022 11:06:00 AM +10:00,1663722360,18943,18952,18943,18951.8,-,-,-,,,,-,-,,,,,
21/09/2022 11:07:00 AM +10:00,1663722420,18951.8,18958,18935,18937.6,-,-,-,,,,-,-,,,,,
21/09/2022 11:08:00 AM +10:00,1663722480,18938.5,18963.4,18928.3,18959.9,-,-,-,,,,-,-,,,,,
21/09/2022 11:09:00 AM +10:00,1663722540,18957.9,18961.3,18954.2,18955.7,-,-,-,,,,-,-,,,,,
21/09/2022 11:10:00 AM +10:00,1663722600,18955.8,18955.8,18938,18943.4,-,-,-,,,,-,-,,,,,
21/09/2022 11:11:00 AM +10:00,1663722660,18943.4,18945.3,18935.1,18941.5,-,-,-,,,,-,-,,,,,
21/09/2022 11:12:00 AM +10:00,1663722720,18941.6,18941.6,18934.5,18935.6,-,-,-,,,,-,-,,,,,
21/09/2022 11:13:00 AM +10:00,1663722780,18938.1,18941.9,18936.1,18941,-,-,-,,,,-,-,,,,,
21/09/2022 11:14:00 AM +10:00,1663722840,18940.9,18947.1,18937.9,18947,-,-,-,,,,-,-,,,,,
21/09/2022 11:16:00 AM +10:00,1663722960,18952.8,18952.8,18943.6,18946.9,-,-,idle,850.1814,94.4646,755.7168,-,idle,46.2,,46.2,46.2,
21/09/2022 11:17:00 AM +10:00,1663723020,18944.8,18952.6,18944.8,18949.7,-,-,idle,2172.9092,335.899,1837.0102,-,idle,46.96,,46.58,46.39,
21/09/2022 11:18:00 AM +10:00,1663723080,18947.7,18950,18943.7,18950,-,-,idle,3184.4958,689.7318,2494.764,-,idle,47.05,,64.39,52.39,
21/09/2022 11:19:00 AM +10:00,1663723140,18949.7,18949.7,18940.5,18945.8,-,-,idle,3940.4238,1127.5567,2812.8671,-,idle,45.92,,48.99,53.32,
21/09/2022 11:20:00 AM +10:00,1663723200,18947.8,18947.8,18930.6,18930.7,-,-,idle,4486.5655,1626.064,2860.5015,-,idle,42.03,,33.33,48.9,
21/09/2022 11:21:00 AM +10:00,1663723260,18930.1,18933.5,18924,18926,-,-,idle,4862.9503,2166.3918,2696.5585,-,idle,40.87,,0,27.44,
21/09/2022 11:22:00 AM +10:00,1663723320,18924,18929.3,18912.1,18916.9,-,-,idle,5101.6946,2733.2467,2368.4478,-,idle,38.65,,0,11.11,
21/09/2022 11:23:00 AM +10:00,1663723380,18915.8,18916.5,18911.9,18911.9,-,-,idle,5230.2071,3314.3809,1915.8262,-,idle,37.44,,0,0,
21/09/2022 11:24:00 AM +10:00,1663723440,18912,18925.8,18911.9,18923.4,-,-,idle,5272.2074,3900.1817,1372.0257,-,idle,41.93,,15.57,5.19,
21/09/2022 11:25:00 AM +10:00,1663723500,18923.3,18926.6,18916.6,18921,-,-,idle,5244.8401,4388.4771,856.363,-,idle,41.27,,28.84,14.8,
21/09/2022 11:26:00 AM +10:00,1663723560,18915.7,18922.1,18915.3,18916.4,-,-,idle,5163.2612,4720.7384,442.5228,-,idle,39.96,,37.56,27.33,
21/09/2022 11:27:00 AM +10:00,1663723620,18908.9,18914,18900,18900.1,-,-,idle,5039.2053,4926.8172,112.388,-,idle,35.64,,21.99,29.46,
21/09/2022 11:28:00 AM +10:00,1663723680,18900,18902.8,18890,18890,-,-,idle,4883.7779,5031.6344,-147.8565,red,sell,33.25,,8.72,22.76,
21/09/2022 11:29:00 AM +10:00,1663723740,18889.5,18895.6,18883.9,18895.6,-,-,idle,4706.7955,5056.1044,-349.3089,-,idle,35.82,40.93,6.22,12.31,
21/09/2022 11:30:00 AM +10:00,1663723800,18893.5,18906.6,18889.1,18903.4,-,-,idle,4515.1175,5017.4563,-502.3387,-,idle,39.33,40.44,20.92,11.95,
21/09/2022 11:31:00 AM +10:00,1663723860,18901.9,18910.1,18901.9,18902.1,-,-,sell,4313.3845,4929.8663,-616.4818,-,idle,38.95,39.87,34.69,20.61,
21/09/2022 11:32:00 AM +10:00,1663723920,18901.4,18902.5,18898.6,18898.9,-,-,idle,4105.9209,4804.9456,-699.0247,-,idle,37.97,39.22,40.9,32.17,
21/09/2022 11:33:00 AM +10:00,1663723980,18899.3,18906.5,18886.6,18887.9,-,-,idle,3895.7096,4652.0014,-756.2918,-,idle,34.74,38.42,31.86,35.82,
21/09/2022 11:34:00 AM +10:00,1663724040,18888.1,18902,18888.1,18893.7,-,-,idle,3687.0812,4478.9171,-791.8359,-,idle,37.75,38.11,35.37,36.04,
21/09/2022 11:35:00 AM +10:00,1663724100,18896.8,18908.8,18896.8,18906.5,buy,-,buy,3482.629,4292.1801,-809.5511,-,idle,43.9,38.33,56.28,41.17,0.005,0
21/09/2022 11:36:00 AM +10:00,1663724160,18906.4,18914.8,18901.3,18914.7,hodl,-,idle,3283.4117,4097.092,-813.6803,-,idle,47.47,38.96,83.95,58.53,
21/09/2022 11:37:00 AM +10:00,1663724220,18911.7,18925,18911.7,18916.8,hodl,-,idle,3090.0795,3897.7921,-807.7126,-,idle,48.38,39.74,100,80.08,
21/09/2022 11:38:00 AM +10:00,1663724280,18916.8,18925.9,18916.8,18924.9,hodl,-,idle,2904.04,3697.486,-793.446,-,idle,51.84,40.45,100,94.65,
21/09/2022 11:39:00 AM +10:00,1663724340,18923.2,18926.6,18920.1,18926.6,hodl,-,idle,2725.3236,3498.62,-773.2963,-,idle,52.56,41.25,100,100,
21/09/2022 11:40:00 AM +10:00,1663724400,18930.5,18930.5,18919,18922.7,hodl,-,idle,2553.9348,3303.1256,-749.1908,-,idle,50.69,42.02,96.78,98.93,
21/09/2022 11:41:00 AM +10:00,1663724460,18922.8,18927.7,18921.3,18922.7,hodl,-,idle,2390.5511,3112.5289,-721.9778,-,idle,50.69,43.1,93.55,96.78,
21/09/2022 11:42:00 AM +10:00,1663724520,18922.5,18933.7,18922.5,18933.4,hodl,-,idle,2236.1548,2928.134,-691.9792,-,idle,55.7,44.7,93.55,94.63,
21/09/2022 11:43:00 AM +10:00,1663724580,18932.9,18933,18927.4,18930.9,hodl,-,idle,2089.5063,2750.6256,-661.1193,-,idle,54.31,46.02,94.57,93.89,
21/09/2022 11:44:00 AM +10:00,1663724640,18934.6,18944.1,18933.2,18941.2,hodl,-,idle,1951.6204,2580.5136,-628.8932,-,idle,58.86,47.42,97.79,95.3,
21/09/2022 11:45:00 AM +10:00,1663724700,18941.1,18951.6,18935.4,18949.8,hodl,-,idle,1822.0355,2418.1384,-596.103,-,idle,62.24,49.08,97.79,96.72,
21/09/2022 11:46:00 AM +10:00,1663724760,18951.6,18951.6,18940.1,18946.1,hodl,-,idle,1699.4497,2263.624,-564.1743,-,idle,59.96,50.65,97.23,97.61,
21/09/2022 11:47:00 AM +10:00,1663724820,18943.9,18945.2,18940.9,18944.5,hodl,-,idle,1583.9122,2116.9432,-533.031,-,idle,58.95,52.38,92.76,95.93,
21/09/2022 11:48:00 AM +10:00,1663724880,18943,18945.2,18929.9,18935.1,hodl,-,idle,1474.5912,1977.9729,-503.3817,-,idle,53.29,53.49,76.49,88.83,
21/09/2022 11:49:00 AM +10:00,1663724940,18933.6,18935.2,18929.1,18931.6,hodl,-,idle,1371.8572,1846.6309,-474.7738,-,idle,51.31,54.02,54.59,74.61,
21/09/2022 11:50:00 AM +10:00,1663725000,18930.1,18931.4,18901.2,18901.2,hodl,-,idle,1273.3088,1722.4929,-449.1841,-,idle,38.1,53.35,25.73,52.27,
21/09/2022 11:51:00 AM +10:00,1663725060,18902.9,18902.9,18885.8,18885.8,sell,-,idle,1180.3594,1605.1823,-424.8229,-,idle,33.4,52.28,8.66,29.66,0,99.891,-0.109%,-0.109%
21/09/2022 11:52:00 AM +10:00,1663725120,18885.3,18904.4,18882.1,18904.3,-,-,idle,1095.5602,1494.7438,-399.1837,-,idle,42.56,51.62,10.58,14.99,
21/09/2022 11:53:00 AM +10:00,1663725180,18905.7,18906.6,18896.2,18906.3,-,-,idle,1016.7966,1390.8745,-374.078,-,idle,43.46,50.97,22.21,13.82,
21/09/2022 11:54:00 AM +10:00,1663725240,18903.9,18903.9,18894.5,18898.3,-,-,sell,942.8616,1293.1885,-350.327,-,idle,40.7,50.25,30.65,21.15,
21/09/2022 11:55:00 AM +10:00,1663725300,18896.6,18898.7,18891.4,18891.4,-,-,idle,873.64,1201.4319,-327.7919,-,idle,38.43,49.38,25.88,26.24,
21/09/2022 11:56:00 AM +10:00,1663725360,18891,18894.2,18873.1,18874.4,-,-,idle,808.0945,1115.2299,-307.1354,-,idle,33.48,47.79,14.34,23.62,
21/09/2022 11:57:00 AM +10:00,1663725420,18874.4,18891.6,18874.4,18891.1,-,-,idle,748.8643,1034.5936,-285.7293,-,idle,41.46,46.87,15.22,18.48,
21/09/2022 11:58:00 AM +10:00,1663725480,18891.5,18891.5,18885.9,18885.9,-,-,sell,693.51,959.2217,-265.7117,-,idle,39.86,45.52,16.86,15.47,
21/09/2022 11:59:00 AM +10:00,1663725540,18886,18892.9,18886,18888.3,-,-,idle,642.4294,889.124,-246.6946,-,idle,40.99,44,26.3,19.46,
21/09/2022 12:00:00 PM +10:00,1663725600,18886.9,18892.7,18885.2,18891.1,-,-,idle,595.3112,824.1186,-228.8074,-,idle,42.36,42.74,28.67,23.94,
21/09/2022 12:01:00 PM +10:00,1663725660,18895.5,18908,18895.5,18908,-,-,idle,552.9593,763.8296,-210.8704,-,idle,49.89,42.09,48.85,34.6,
21/09/2022 12:02:00 PM +10:00,1663725720,18907.9,18908,18903,18903.1,-,-,idle,513.0851,707.8617,-194.7766,-,idle,47.94,41.71,66.37,47.96,
21/09/2022 12:03:00 PM +10:00,1663725780,18903,18903,18892.3,18892.7,-,-,idle,475.168,655.8957,-180.7278,-,idle,43.99,41.19,76.1,63.77,
21/09/2022 12:04:00 PM +10:00,1663725840,18897.2,18900,18896.2,18899.2,-,-,idle,440.5643,607.7762,-167.212,-,idle,46.93,41.82,75.8,72.76,
21/09/2022 12:05:00 PM +10:00,1663725900,18901.1,18929.1,18900,18929.1,buy,-,buy,410.8176,563.6343,-152.8167,-,idle,57.88,43.57,82.08,77.99,0.005,0
21/09/2022 12:06:00 PM +10:00,1663725960,18932.5,18962,18925.6,18962,hodl,-,idle,385.4547,523.2555,-137.8008,-,idle,66.16,45.25,94.01,83.96,
21/09/2022 12:07:00 PM +10:00,1663726020,18965,19019,18965,18988.4,hodl,-,idle,363.2967,486.5651,-123.2684,-,idle,71.07,47.22,100,92.03,
21/09/2022 12:08:00 PM +10:00,1663726080,18986.2,18986.8,18975.9,18977.5,hodl,-,idle,340.9269,453.0649,-112.138,-,idle,66.76,49.09,96.18,96.73,
21/09/2022 12:09:00 PM +10:00,1663726140,18983.5,18983.5,18961.1,18975.5,hodl,-,idle,319.3559,422.4032,-103.0473,-,idle,65.97,51.05,91.66,95.95,
21/09/2022 12:10:00 PM +10:00,1663726200,18978.4,18979.4,18961.4,18963.3,hodl,-,idle,297.8429,394.0569,-96.2139,-,idle,61.21,53.03,81.13,89.66,
21/09/2022 12:11:00 PM +10:00,1663726260,18962,18967.1,18952.7,18962.3,hodl,-,idle,277.5141,367.8823,-90.3683,-,idle,60.82,54.42,74.01,82.27,
21/09/2022 12:12:00 PM +10:00,1663726320,18962.3,18977.5,18958.5,18977.5,hodl,-,idle,259.6369,343.9344,-84.2976,-,idle,64.5,56.18,71.25,75.46,
21/09/2022 12:13:00 PM +10:00,1663726380,18974.6,18989.8,18974.6,18989.8,hodl,-,idle,243.6529,322.0554,-78.4025,-,idle,67.18,58.05,77.27,74.18,
21/09/2022 12:14:00 PM +10:00,1663726440,18987.1,18987.1,18975.1,18977.2,hodl,-,idle,227.3481,301.6699,-74.3218,-,idle,62.01,59.45,77.06,75.19,
21/09/2022 12:15:00 PM +10:00,1663726500,18976.1,18977.1,18971.6,18976.5,hodl,-,idle,211.9269,282.389,-70.4621,-,idle,61.73,60.3,72.84,75.73,
21/09/2022 12:16:00 PM +10:00,1663726560,18976.5,18993.2,18974.8,18993.2,hodl,-,idle,198.7619,264.1074,-65.3455,-,idle,65.76,61.57,70.82,73.57,
21/09/2022 12:17:00 PM +10:00,1663726620,18994.4,19003,18991,19001.2,hodl,-,buy,186.8205,246.9844,-60.164,-,idle,67.53,63.25,77.08,73.58,
21/09/2022 12:18:00 PM +10:00,1663726680,18999.6,18999.7,18984.5,18986.8,hodl,-,idle,174.1869,230.8546,-56.6676,-,idle,61.39,64.28,64.11,70.67,
21/09/2022 12:19:00 PM +10:00,1663726740,18985.4,19007.9,18985.4,19007.8,hodl,-,idle,163.979,215.9808,-52.0017,-,idle,66.21,64.88,54.85,65.35,
21/09/2022 12:20:00 PM +10:00,1663726800,19007.8,19014.1,19003.1,19014,hodl,-,idle,154.6073,202.3245,-47.7172,-,idle,67.5,64.97,48.14,55.7,
21/09/2022 12:21:00 PM +10:00,1663726860,19000.6,19006.6,18993.2,19006.6,hodl,-,idle,144.9125,189.5773,-44.6648,-,idle,64.34,64.49,56.78,53.25,
21/09/2022 12:22:00 PM +10:00,1663726920,19005.4,19006.5,18981.4,18988.1,hodl,-,idle,134.1897,177.4148,-43.225,-,idle,57.14,63.81,39.24,48.05,
21/09/2022 12:23:00 PM +10:00,1663726980,18992.2,18992.7,18982.1,18982.7,hodl,-,idle,123.8287,165.9126,-42.0839,-,idle,55.2,63.04,17.51,37.84,
21/09/2022 12:24:00 PM +10:00,1663727040,18982.7,18990.9,18982.7,18988.2,hodl,-,idle,114.7386,155.1139,-40.3753,-,idle,56.81,62.72,4.35,20.37,
21/09/2022 12:25:00 PM +10:00,1663727100,18987.8,18999.4,18987.7,18999.4,hodl,-,idle,107.2027,144.9407,-37.738,-,idle,59.97,62.66,17.24,13.03,
21/09/2022 12:26:00 PM +10:00,1663727160,18996.2,19008,18996.1,19003.6,hodl,-,idle,100.4118,135.3397,-34.9279,-,idle,61.11,62.42,33.23,18.27,
21/09/2022 12:27:00 PM +10:00,1663727220,19006,19017.6,18999.9,18999.9,hodl,-,idle,93.6518,126.3914,-32.7395,-,idle,59.5,61.87,40.49,30.32,
21/09/2022 12:28:00 PM +10:00,1663727280,18999.9,19007.6,18998.8,19002.7,hodl,-,idle,87.5117,117.895,-30.3833,-,idle,60.35,61.75,41.53,38.41,
21/09/2022 12:29:00 PM +10:00,1663727340,19003.4,19016.9,19003.4,19011.6,hodl,-,idle,82.4137,109.8735,-27.4597,-,idle,63.02,61.85,46.69,42.9,
21/09/2022 12:30:00 PM +10:00,1663727400,19007.6,19035.7,19002.8,19029.6,hodl,-,idle,78.9163,102.5406,-23.6242,-,idle,67.76,61.99,68.41,52.21,
21/09/2022 12:31:00 PM +10:00,1663727460,19023.5,19026.6,19019.7,19022.5,hodl,-,idle,74.7105,95.9318,-21.2213,-,idle,64.26,61.76,78.54,64.55,
21/09/2022 12:32:00 PM +10:00,1663727520,19018.1,19054,19018.1,19054,hodl,-,idle,73.0767,90.2926,-17.216,-,idle,71.33,62.47,90.72,79.23,
21/09/2022 12:33:00 PM +10:00,1663727580,19048.8,19048.8,19019.9,19026.1,hodl,-,idle,68.7382,85.1815,-16.4432,-,idle,60.01,62.02,67.33,78.87,
21/09/2022 12:34:00 PM +10:00,1663727640,19022.8,19027.8,19017.4,19027.1,hodl,-,idle,64.6356,80.4518,-15.8162,-,idle,60.25,61.5,53.72,70.59,
21/09/2022 12:35:00 PM +10:00,1663727700,19024.7,19030.6,19019.5,19019.6,hodl,-,idle,60.0864,75.9712,-15.8848,-,idle,57.43,61.01,24.99,48.68,
21/09/2022 12:36:00 PM +10:00,1663727760,19023.3,19030.3,19018,19030.2,hodl,-,idle,56.6831,71.8636,-15.1805,-,idle,60.27,61.23,25.52,34.74,
21/09/2022 12:37:00 PM +10:00,1663727820,19029,19036.9,19028.1,19028.5,hodl,-,idle,53.2351,68.0551,-14.82,-,idle,59.58,61.55,21.43,23.98,
21/09/2022 12:38:00 PM +10:00,1663727880,19031.8,19031.8,19018,19023.7,hodl,-,idle,49.5441,64.4029,-14.8588,-,idle,57.59,61.6,17.2,21.38,
21/09/2022 12:39:00 PM +10:00,1663727940,19024.4,19030.3,19024.4,19025.5,hodl,-,idle,46.2312,60.7712,-14.54,-,idle,58.15,61.47,8.47,15.7,
21/09/2022 12:40:00 PM +10:00,1663728000,19025.6,19027.4,19020.4,19023.5,hodl,-,buy,42.9493,57.2422,-14.2929,-,idle,57.24,61.2,2.11,9.26,
21/09/2022 12:41:00 PM +10:00,1663728060,19020.5,19028.2,19020.5,19026.2,hodl,-,idle,40.1039,53.5786,-13.4746,-,idle,58.2,61.1,3.99,4.86,
21/09/2022 12:42:00 PM +10:00,1663728120,19026.1,19028.7,19018.1,19018.2,hodl,-,idle,36.7795,50.0276,-13.2481,-,idle,54.33,60.67,2.26,2.79,
21/09/2022 12:43:00 PM +10:00,1663728180,19015.8,19023.6,19014.1,19021.8,hodl,-,idle,34.0429,46.6284,-12.5855,-,idle,55.76,60.15,5.05,3.76,
21/09/2022 12:44:00 PM +10:00,1663728240,19021.8,19045.6,19021.8,19045.5,hodl,-,idle,33.4014,43.6634,-10.2619,-,idle,63.76,59.87,21.29,9.53,
21/09/2022 12:45:00 PM +10:00,1663728300,19042.9,19045.2,19022.9,19025.8,sell,-,sell,30.9467,40.8038,-9.857,-,idle,54.87,59.2,22.35,16.23,0,100.401,0.511%,0.401%
21/09/2022 12:46:00 PM +10:00,1663728360,19025.9,19026.9,19021,19026.9,-,-,idle,28.7586,38.0842,-9.3256,-,idle,55.25,58.05,22.8,22.15,
21/09/2022 12:47:00 PM +10:00,1663728420,19030,19035.7,19027.5,19029.5,-,-,idle,26.924,35.5708,-8.6469,-,idle,56.18,57.78,10.82,18.66,
21/09/2022 12:48:00 PM +10:00,1663728480,19029.5,19030.4,19021.1,19029.6,buy,-,buy,25.1877,33.2327,-8.045,-,idle,56.21,57.49,16.4,16.67,0.005,0.401
21/09/2022 12:49:00 PM +10:00,1663728540,19029.5,19029.5,19025.9,19025.9,sell,-,idle,23.2452,31.0433,-7.7981,-,idle,54.36,57.27,13.25,13.49,0,100.381,-0.019%,0.382%
21/09/2022 12:50:00 PM +10:00,1663728600,19029.6,19039.2,19029.6,19030.9,-,-,idle,21.8572,29.0159,-7.1587,-,idle,56.45,56.99,14.22,14.62,
21/09/2022 12:51:00 PM +10:00,1663728660,19028.1,19029,19020.6,19024.5,-,-,idle,20.0102,27.1527,-7.1425,-,idle,53.09,56.53,7.57,11.68,
21/09/2022 12:52:00 PM +10:00,1663728720,19023.5,19025.7,19018.8,19021.1,-,-,idle,18.0638,25.3772,-7.3134,-,idle,51.34,56.09,7.49,9.76,
21/09/2022 12:53:00 PM +10:00,1663728780,19021.1,19023.3,19013.7,19013.7,-,-,idle,15.7427,23.4151,-7.6724,-,idle,47.67,55.34,0,5.02,
21/09/2022 12:54:00 PM +10:00,1663728840,19016,19016,19009,19009.1,-,-,idle,13.3778,21.463,-8.0852,-,idle,45.49,54.5,0,2.5,
21/09/2022 12:55:00 PM +10:00,1663728900,19009.4,19010.3,19003.3,19010.2,-,-,idle,11.4603,19.541,-8.0807,-,idle,46.12,53.63,1.16,0.39,
21/09/2022 12:56:00 PM +10:00,1663728960,19009.1,19014.4,19009.1,19013,-,-,idle,10.0507,17.6662,-7.6155,-,idle,47.79,53.17,5.36,2.17,
21/09/2022 12:57:00 PM +10:00,1663729020,19012.9,19012.9,19006.1,19008,-,-,sell,8.4329,15.8045,-7.3716,-,idle,45.1,52.41,5.36,3.96,
21/09/2022 12:58:00 PM +10:00,1663729080,19008.1,19011.8,19008.1,19009.2,-,-,idle,7.165,14.0178,-6.8528,-,idle,45.89,51.13,6.5,5.74,
21/09/2022 12:59:00 PM +10:00,1663729140,19009.2,19010,19009.2,19009.9,-,-,idle,6.1459,12.2721,-6.1263,-,idle,46.37,50.52,6.03,5.96,
21/09/2022 1:00:00 PM +10:00,1663729200,19009.9,19015.7,19006.1,19008.4,-,-,idle,5.1577,10.6219,-5.4642,-,idle,45.44,49.82,7.01,6.51,
21/09/2022 1:01:00 PM +10:00,1663729260,19008.5,19021,19007.6,19010,-,-,idle,4.4524,9.1095,-4.6571,-,idle,46.67,49.14,9.31,7.45,
21/09/2022 1:02:00 PM +10:00,1663729320,19007.7,19020.8,19006,19018.5,-,-,idle,4.5271,7.8633,-3.3362,-,idle,52.78,48.9,28.13,14.82,
21/09/2022 1:03:00 PM +10:00,1663729380,19018.5,19023.4,19014.7,19014.8,-,-,idle,4.2388,6.8479,-2.609,-,idle,50.09,48.59,41.8,26.42,
21/09/2022 1:04:00 PM +10:00,1663729440,19014.7,19017.1,19013.4,19016,-,-,idle,4.0604,6.0257,-1.9652,-,idle,50.96,48.2,61.65,43.86,
21/09/2022 1:05:00 PM +10:00,1663729500,19016,19019.8,19010.6,19010.6,-,-,idle,3.4436,5.2915,-1.8479,-,idle,46.98,47.76,47.25,50.24,
21/09/2022 1:06:00 PM +10:00,1663729560,19010.6,19010.6,19002.5,19008.4,-,-,idle,2.7456,4.6596,-1.914,-,idle,45.42,47.34,33.99,47.63,
21/09/2022 1:07:00 PM +10:00,1663729620,19008.5,19008.8,19005.7,19007,-,-,idle,2.0558,4.0919,-2.0361,-,idle,44.42,47.11,9.54,30.26,
21/09/2022 1:08:00 PM +10:00,1663729680,19003.1,19003.1,18999,19000.2,-,-,idle,0.9494,3.5145,-2.5651,-,idle,39.79,46.7,1.39,14.98,
21/09/2022 1:09:00 PM +10:00,1663729740,19000.3,19000.5,18997.1,19000.5,-,-,idle,0.0958,2.9521,-2.8563,-,idle,40.09,46.27,0.76,3.9,
21/09/2022 1:10:00 PM +10:00,1663729800,19000.4,19001.9,18994.3,18995.2,-,-,idle,-0.997,2.3466,-3.3436,-,idle,36.66,45.48,0.76,0.97,
21/09/2022 1:11:00 PM +10:00,1663729860,18996.5,18998.1,18994.6,18997.7,-,-,idle,-1.6423,1.6611,-3.3034,-,idle,39.3,45.06,6.22,2.58,
21/09/2022 1:12:00 PM +10:00,1663729920,18996.7,18996.7,18989.1,18989.8,-,-,idle,-2.7594,0.8836,-3.6429,-,idle,34.42,44.24,5.46,4.15,
21/09/2022 1:13:00 PM +10:00,1663729980,18989.8,18992.6,18989.7,18990.7,-,-,idle,-3.5314,0.04,-3.5714,-,idle,35.4,43.46,7.24,6.31,
21/09/2022 1:14:00 PM +10:00,1663730040,18990.8,18992,18989.8,18989.8,-,-,sell,-4.1677,-0.8057,-3.362,-,idle,34.84,42.7,2.55,5.08,
21/09/2022 1:15:00 PM +10:00,1663730100,18988,18995.1,18987.8,18987.9,-,-,idle,-4.7704,-1.6408,-3.1296,-,idle,33.62,41.77,2.55,4.12,
21/09/2022 1:16:00 PM +10:00,1663730160,18988,18998.9,18987.9,18997.6,-,-,idle,-4.4144,-2.3597,-2.0547,-,idle,44.31,41.16,21.31,8.8,
21/09/2022 1:17:00 PM +10:00,1663730220,18998.7,18998.7,18984.9,18986.3,-,-,idle,-4.9866,-3.0193,-1.9673,-,idle,36.86,40.22,26.77,16.88,
21/09/2022 1:18:00 PM +10:00,1663730280,18982.5,18986,18977.4,18981.3,-,-,idle,-5.7769,-3.6718,-2.1052,-,idle,34.13,39.02,28.04,25.37,
21/09/2022 1:19:00 PM +10:00,1663730340,18985.6,18995.5,18985.6,18993.7,-,-,idle,-5.3412,-4.1545,-1.1867,-,idle,45.02,38.88,39.68,31.5,
21/09/2022 1:20:00 PM +10:00,1663730400,18994.6,18994.6,18987.2,18989.4,-,-,sell,-5.2819,-4.5589,-0.723,-,idle,42.4,38.66,59.13,42.28,
21/09/2022 1:21:00 PM +10:00,1663730460,18993,18997.1,18993,18996,-,-,idle,-4.6487,-4.7688,0.1201,green,buy,47.45,38.88,91.19,63.33,
21/09/2022 1:22:00 PM +10:00,1663730520,18997.4,19002.1,18996.3,19002.1,-,-,idle,-3.6131,-4.7779,1.1648,-,idle,51.67,39.72,92.34,80.89,
21/09/2022 1:23:00 PM +10:00,1663730580,19000,19002.3,18997.2,19002.1,-,-,idle,-2.7605,-4.6215,1.861,-,idle,51.67,40.55,100,94.51,
21/09/2022 1:24:00 PM +10:00,1663730640,18999,19007.7,18999,19007.6,-,-,idle,-1.6224,-4.2717,2.6494,-,idle,55.41,41.89,100,97.45,
21/09/2022 1:25:00 PM +10:00,1663730700,19010.4,19016.9,19010.4,19015.9,-,-,idle,-0.05,-3.7868,3.7368,-,idle,60.39,43.4,100,100,
21/09/2022 1:26:00 PM +10:00,1663730760,19015.9,19015.9,19007.6,19011.9,-,-,idle,0.8633,-3.1368,4.0001,-,idle,57.08,45.02,95.88,98.63,
21/09/2022 1:27:00 PM +10:00,1663730820,19011.9,19011.9,19001.8,19001.8,-,-,idle,0.7634,-2.4101,3.1735,-,idle,49.68,46.04,82.53,92.8,
21/09/2022 1:28:00 PM +10:00,1663730880,19001.8,19009.4,19001.8,19009.4,-,-,idle,1.2826,-1.6741,2.9568,-,idle,54.46,47.44,75.15,84.52,
21/09/2022 1:29:00 PM +10:00,1663730940,19010.5,19023.3,19010.5,19019.8,-,-,idle,2.5045,-0.809,3.3135,-,idle,60.06,49.33,78.85,78.85,
21/09/2022 1:30:00 PM +10:00,1663731000,19019.8,19023.6,19015,19017.2,-,-,idle,3.2258,0.066,3.1599,-,idle,58.14,50.32,89.34,81.11,
21/09/2022 1:31:00 PM +10:00,1663731060,19016.1,19016.7,19010.2,19010.2,-,-,idle,3.1958,0.8225,2.3733,-,idle,53.2,51.48,87.58,85.26,
21/09/2022 1:32:00 PM +10:00,1663731120,19012.6,19016.8,19012.1,19013.6,-,-,idle,3.4071,1.5078,1.8993,-,idle,55.19,52.99,78.36,85.09,
21/09/2022 1:33:00 PM +10:00,1663731180,19013.6,19013.6,19001.8,19004,-,-,idle,2.768,1.9956,0.7724,-,idle,48.86,53.26,59.86,75.27,
21/09/2022 1:34:00 PM +10:00,1663731240,19004,19004.1,19001,19001.2,-,-,idle,2.0124,2.2248,-0.2124,red,sell,47.16,53.6,35.66,57.96,
21/09/2022 1:35:00 PM +10:00,1663731300,19001.2,19006,18996.1,19005.9,-,-,idle,1.7724,2.3258,-0.5534,-,idle,50.29,53.8,19.84,38.46,
21/09/2022 1:36:00 PM +10:00,1663731360,19011.7,19012.8,19011.7,19012.7,-,-,idle,2.1066,2.475,-0.3685,-,idle,54.48,54,26.3,27.27,
21/09/2022 1:37:00 PM +10:00,1663731420,19012.7,19023,19012.7,19023,-,-,sell,3.1661,2.6843,0.4818,green,buy,59.98,54.6,58.61,34.92,
21/09/2022 1:38:00 PM +10:00,1663731480,19021,19022.2,19018.5,19018.5,-,-,idle,3.6011,2.8061,0.7949,-,idle,56.76,54.7,74.9,53.27,
21/09/2022 1:39:00 PM +10:00,1663731540,19016.1,19019.9,19016,19017.3,-,-,idle,3.8052,2.8705,0.9346,-,idle,55.89,54.37,79.02,70.84,
21/09/2022 1:40:00 PM +10:00,1663731600,19017.2,19017.2,19012.1,19012.2,-,-,idle,3.5148,2.9059,0.6089,-,idle,52.25,54.03,59.86,71.26,
21/09/2022 1:41:00 PM +10:00,1663731660,19012.1,19012.2,19009.4,19009.5,-,-,idle,3.0319,2.8643,0.1677,-,idle,50.38,54.08,44,60.96,
21/09/2022 1:42:00 PM +10:00,1663731720,19009.5,19009.5,19003.6,19005.7,-,-,idle,2.3159,2.814,-0.4981,red,sell,47.79,53.6,23.06,42.31,
21/09/2022 1:43:00 PM +10:00,1663731780,19005.6,19005.7,18985.5,18998.7,-,-,idle,1.1701,2.7204,-1.5503,-,idle,43.36,52.41,9.91,25.66,
21/09/2022 1:44:00 PM +10:00,1663731840,18994.8,18996.9,18994.7,18995.6,-,-,idle,0.0118,2.5248,-2.513,-,idle,41.52,51.22,1.61,11.52,
21/09/2022 1:45:00 PM +10:00,1663731900,18999.4,19007.9,18999.3,19007.2,-,-,sell,0.0295,2.294,-2.2645,-,idle,50.04,51,15.38,8.97,
21/09/2022 1:46:00 PM +10:00,1663731960,19007.3,19007.3,19004.9,19005.5,-,-,idle,-0.0926,1.932,-2.0245,-,idle,48.92,50.55,28.74,15.24,
21/09/2022 1:47:00 PM +10:00,1663732020,19005.5,19005.6,19004.3,19005.6,-,-,idle,-0.1792,1.5119,-1.6911,-,idle,48.99,50.56,42.22,28.78,
21/09/2022 1:48:00 PM +10:00,1663732080,19005.6,19010.8,19005.6,19006,-,-,idle,-0.2131,1.0655,-1.2786,-,idle,49.3,50.71,40.88,37.28,
21/09/2022 1:49:00 PM +10:00,1663732140,19005.5,19011.7,19003.9,19011.6,-,-,idle,0.2095,0.6982,-0.4887,-,idle,53.56,50.94,49.27,44.12,
21/09/2022 1:50:00 PM +10:00,1663732200,19008.6,19011.1,19008.5,19011.1,-,-,idle,0.4983,0.4167,0.0816,green,buy,53.13,50.85,56.75,48.97,
21/09/2022 1:51:00 PM +10:00,1663732260,19011.1,19011.1,19000.4,19006.6,-,-,idle,0.3599,0.1994,0.1606,-,idle,49.3,50.09,59.73,55.25,
21/09/2022 1:52:00 PM +10:00,1663732320,19006.7,19009,19006.6,19007.9,-,-,idle,0.3511,0.1084,0.2427,-,idle,50.41,49.63,58.62,58.37,
21/09/2022 1:53:00 PM +10:00,1663732380,19008.8,19015.9,19008.8,19012.2,buy,-,buy,0.6832,0.183,0.5003,-,idle,54.01,49.5,70.99,63.11,0.005,0.381
21/09/2022 1:54:00 PM +10:00,1663732440,19012.1,19012.1,19007.9,19009.5,hodl,-,idle,0.7203,0.2597,0.4605,-,idle,51.49,49.44,80.56,70.05,
21/09/2022 1:55:00 PM +10:00,1663732500,19009,19012.9,19006,19011.9,hodl,-,idle,0.9325,0.3736,0.5589,-,idle,53.56,49.67,92.07,81.2,
21/09/2022 1:56:00 PM +10:00,1663732560,19010.3,19014.3,19010.2,19012.9,hodl,-,idle,1.168,0.5233,0.6447,-,idle,54.44,50.15,92.07,88.23,
21/09/2022 1:57:00 PM +10:00,1663732620,19015.1,19017,19009.8,19009.9,hodl,-,idle,1.0998,0.6692,0.4306,-,idle,51.31,50.71,90.74,91.63,
21/09/2022 1:58:00 PM +10:00,1663732680,19009.8,19014.3,19009.8,19014.3,hodl,-,idle,1.3849,0.7998,0.5851,-,idle,55.36,51.7,91.93,91.58,
21/09/2022 1:59:00 PM +10:00,1663732740,19013.1,19027,19013.1,19021.2,hodl,-,idle,2.1429,0.9825,1.1603,-,idle,60.86,52.48,91.93,91.54,
21/09/2022 2:00:00 PM +10:00,1663732800,19018.1,19021.8,19016,19016.1,hodl,-,idle,2.3055,1.1987,1.1068,-,idle,55.43,52.94,84.74,89.54,
21/09/2022 2:01:00 PM +10:00,1663732860,19018.3,19023.7,19018.3,19023.4,hodl,-,idle,2.9889,1.4918,1.4972,-,idle,60.82,53.78,84.62,87.1,
21/09/2022 2:02:00 PM +10:00,1663732920,19023.7,19026.1,19022.9,19026,hodl,-,idle,3.6977,1.8267,1.871,-,idle,62.55,54.73,84.62,84.66,
21/09/2022 2:03:00 PM +10:00,1663732980,19026.1,19032,19026.1,19026.2,hodl,-,idle,4.2269,2.2163,2.0106,-,idle,62.69,55.38,99.88,89.71,
21/09/2022 2:04:00 PM +10:00,1663733040,19027.4,19028,19026.1,19026.1,hodl,-,idle,4.5853,2.6222,1.9631,-,idle,62.57,56.06,99.69,94.73,
21/09/2022 2:05:00 PM +10:00,1663733100,19024.2,19028.4,19014.9,19014.9,hodl,-,idle,3.9205,2.928,0.9924,-,idle,50.57,56.15,66.79,88.79,
21/09/2022 2:06:00 PM +10:00,1663733160,19016.3,19016.9,19012.6,19012.6,hodl,-,idle,3.1714,3.1582,0.0132,-,idle,48.52,56.01,33.45,66.64,
21/09/2022 2:07:00 PM +10:00,1663733220,19012.6,19012.6,18997.9,19003.3,sell,-,idle,1.8065,3.2051,-1.3986,red,sell,41.22,55.1,0.43,33.56,0,100.335,-0.047%,0.335%
21/09/2022 2:08:00 PM +10:00,1663733280,19003.3,19003.3,18989.4,18992.1,-,-,idle,-0.1769,2.9473,-3.1242,-,idle,34.49,53.88,0,11.29,
21/09/2022 2:09:00 PM +10:00,1663733340,18992,18992.1,18984,18984,-,-,idle,-2.375,2.4273,-4.8022,-,idle,30.6,52.24,0,0.14,
21/09/2022 2:10:00 PM +10:00,1663733400,18983.9,18989.2,18983.9,18987.7,-,-,idle,-3.7749,1.6757,-5.4506,-,idle,34.24,50.8,3.79,1.26,
21/09/2022 2:11:00 PM +10:00,1663733460,18987.8,18999.6,18987.7,18999.6,-,-,idle,-3.8794,0.8338,-4.7132,-,idle,44.38,50.31,18.1,7.3,
21/09/2022 2:12:00 PM +10:00,1663733520,19001.7,19005,18995.3,18995.4,-,-,sell,-4.2521,-0.1083,-4.1438,-,idle,41.92,49.35,29.86,17.25,
21/09/2022 2:13:00 PM +10:00,1663733580,18994.4,18994.4,18992.6,18993.5,-,-,idle,-4.6472,-1.1341,-3.5131,-,idle,40.82,47.91,36.69,28.22,
21/09/2022 2:14:00 PM +10:00,1663733640,18993.5,18998.5,18993.5,18998.5,-,-,idle,-4.505,-2.0703,-2.4347,-,idle,44.92,47.16,37.26,34.6,
21/09/2022 2:15:00 PM +10:00,1663733700,18998.5,19003.1,18998.4,19003,-,-,idle,-3.9832,-2.8653,-1.118,-,idle,48.38,46.28,43.97,39.3,
21/09/2022 2:16:00 PM +10:00,1663733760,19003,19015.7,18999.5,19015.7,-,-,idle,-2.5159,-3.3455,0.8296,green,buy,56.66,45.85,60.42,47.21,
21/09/2022 2:17:00 PM +10:00,1663733820,19015.7,19017.4,19010.6,19017.3,-,-,idle,-1.21,-3.4603,2.2503,-,idle,57.59,45.49,73.68,59.36,
21/09/2022 2:18:00 PM +10:00,1663733880,19014,19014,19000,19000,-,-,idle,-1.5532,-3.369,1.8158,-,idle,46.14,44.32,74.41,69.5,
21/09/2022 2:19:00 PM +10:00,1663733940,19000.1,19000.1,18995.9,18997.4,-,-,idle,-2.0117,-3.1731,1.1614,-,idle,44.7,43.9,64.76,70.95,
