Date,Time,Open,High,Low,Close,FinalDecision,ChEDec,HiLo,HiLoDec,Macd,Signal,Histogram,Crossover,MacdDec,Rsi,RsiMa,Stoch_K,Stoch_D,pairA,pairB,Profit,AllProfit
15/11/2022 7:14:00 PM +11:00,1668500040,6.0734,6.0734,6.0734,6.0734,-,-,-,-,,,,-,-,,,,,
15/11/2022 7:15:00 PM +11:00,1668500100,6.0734,6.0784,6.0734,6.0784,-,-,-,-,,,,-,idle,,,,,
15/11/2022 7:16:00 PM +11:00,1668500160,6.0785,6.0844,6.0775,6.0844,-,-,-,-,,,,-,idle,,,,,
15/11/2022 7:17:00 PM +11:00,1668500220,6.0844,6.0849,6.0763,6.0763,-,-,-,-,,,,-,idle,,,,,
15/11/2022 7:18:00 PM +11:00,1668500280,6.0802,6.0802,6.0802,6.0802,-,-,-,idle,,,,-,idle,,,,,
15/11/2022 7:19:00 PM +11:00,1668500340,6.0838,6.09,6.0838,6.09,-,-,-,idle,,,,-,idle,,,,,
15/11/2022 7:20:00 PM +11:00,1668500400,6.0893,6.0932,6.0893,6.0932,-,-,-,idle,,,,-,idle,,,,,
15/11/2022 7:21:00 PM +11:00,1668500460,6.0912,6.1109,6.0912,6.1043,-,-,-,idle,,,,-,idle,,,,,
15/11/2022 7:22:00 PM +11:00,1668500520,6.1111,6.1178,6.111,6.1132,-,-,-,idle,,,,-,idle,,,,,
15/11/2022 7:23:00 PM +11:00,1668500580,6.1159,6.1252,6.1159,6.1252,-,-,-,idle,,,,-,idle,,,,,
15/11/2022 7:24:00 PM +11:00,1668500640,6.1213,6.1253,6.1188,6.1222,-,-,-,idle,,,,-,idle,,,,,
15/11/2022 7:25:00 PM +11:00,1668500700,6.1253,6.16,6.1253,6.142,-,-,-,idle,,,,-,idle,,,,,
15/11/2022 7:26:00 PM +11:00,1668500760,6.1403,6.1487,6.1399,6.1409,-,-,-,idle,,,,-,idle,,,,,
15/11/2022 7:27:00 PM +11:00,1668500820,6.1398,6.1486,6.1398,6.1486,-,-,-,idle,,,,-,idle,,,,,
15/11/2022 7:28:00 PM +11:00,1668500880,6.1486,6.1486,6.1404,6.1428,-,-,-,idle,,,,-,idle,82.92,,82.92,82.92,
15/11/2022 7:29:00 PM +11:00,1668500940,6.1461,6.1563,6.1456,6.1533,-,-,-,idle,,,,-,idle,84.58,,83.75,83.34,
15/11/2022 7:30:00 PM +11:00,1668501000,6.1544,6.1544,6.1544,6.1544,-,-,-,idle,,,,-,idle,84.74,,89.17,85.28,
15/11/2022 7:31:00 PM +11:00,1668501060,6.1558,6.1571,6.1558,6.1571,-,-,-,idle,,,,-,idle,85.17,,94.86,89.26,
15/11/2022 7:32:00 PM +11:00,1668501120,6.1588,6.1757,6.1588,6.1663,-,-,-,idle,,,,-,idle,86.54,,100,94.68,
15/11/2022 7:33:00 PM +11:00,1668501180,6.1756,6.1756,6.1509,6.1519,-,-,-,idle,,,,-,idle,74.86,,66.67,87.18,
15/11/2022 7:34:00 PM +11:00,1668501240,6.1577,6.164,6.1514,6.1514,-,-,-,idle,,,,-,idle,74.49,,33.33,66.67,
15/11/2022 7:35:00 PM +11:00,1668501300,6.1461,6.1482,6.143,6.143,-,-,-,idle,,,,-,idle,68.29,,0,33.33,
15/11/2022 7:36:00 PM +11:00,1668501360,6.1394,6.1439,6.1368,6.1368,-,-,-,idle,,,,-,idle,64.05,,0,11.11,
15/11/2022 7:37:00 PM +11:00,1668501420,6.1382,6.1423,6.1178,6.1209,-,-,-,idle,,,,-,idle,54.67,,0,0,
15/11/2022 7:38:00 PM +11:00,1668501480,6.1189,6.1306,6.1182,6.1264,-,-,-,idle,,,,-,idle,57.02,,2.45,0.82,
15/11/2022 7:39:00 PM +11:00,1668501540,6.123,6.1264,6.1218,6.1254,-,-,-,idle,0.196,,,-,idle,56.45,,4.3,2.25,
15/11/2022 7:40:00 PM +11:00,1668501600,6.1211,6.1211,6.1125,6.1125,-,sell,-,idle,0.1836,,,-,idle,49.55,,4.3,3.69,
15/11/2022 7:41:00 PM +11:00,1668501660,6.1213,6.1213,6.1144,6.1173,-,-,-,idle,0.1722,,,-,idle,51.9,69.66,3.98,4.2,
15/11/2022 7:42:00 PM +11:00,1668501720,6.1124,6.1173,6.112,6.1173,-,-,-,idle,0.1613,,,-,idle,51.9,67.44,4.24,4.18,
15/11/2022 7:43:00 PM +11:00,1668501780,6.112,6.1152,6.1108,6.1152,-,-,-,idle,0.1508,,,-,idle,50.7,65.02,5.28,4.5,
15/11/2022 7:44:00 PM +11:00,1668501840,6.1123,6.1123,6.1051,6.1051,-,-,-,idle,0.14,,,-,idle,45.28,62.2,3.16,4.23,
15/11/2022 7:45:00 PM +11:00,1668501900,6.1079,6.1134,6.0992,6.1134,-,-,-,idle,0.1306,,,-,idle,50.01,59.69,4.86,4.44,
15/11/2022 7:46:00 PM +11:00,1668501960,6.1134,6.1282,6.1134,6.127,-,buy,lh,idle,0.1229,,,-,idle,56.63,57.56,16.62,8.22,
15/11/2022 7:47:00 PM +11:00,1668502020,6.1192,6.1192,6.1135,6.1135,-,sell,-,idle,0.1143,0.1524,-0.0381,-,idle,49.61,55.75,21.56,14.35,
15/11/2022 7:48:00 PM +11:00,1668502080,6.1072,6.1109,6.1042,6.1109,-,-,hl,idle,0.1061,0.1424,-0.0363,-,idle,48.36,53.89,22.21,20.13,
15/11/2022 7:49:00 PM +11:00,1668502140,6.113,6.1133,6.1109,6.1109,-,-,-,idle,0.0985,0.133,-0.0345,-,idle,48.36,52.46,14.9,19.56,
15/11/2022 7:50:00 PM +11:00,1668502200,6.1112,6.1161,6.1112,6.1161,-,-,-,idle,0.0918,0.124,-0.0323,-,idle,51.2,51.55,26.78,21.3,
15/11/2022 7:51:00 PM +11:00,1668502260,6.1181,6.1228,6.1104,6.1104,-,-,lh,idle,0.085,0.1155,-0.0305,-,idle,48.08,51.08,30.28,23.99,
15/11/2022 7:52:00 PM +11:00,1668502320,6.1107,6.1122,6.1107,6.1122,-,-,-,idle,0.0789,0.1076,-0.0286,-,idle,49.14,50.51,36.12,31.06,
15/11/2022 7:53:00 PM +11:00,1668502380,6.1025,6.1025,6.1025,6.1025,-,-,-,idle,0.0725,0.1001,-0.0276,-,idle,43.96,49.62,19.3,28.57,
15/11/2022 7:54:00 PM +11:00,1668502440,6.1036,6.1036,6.1026,6.1026,-,-,-,idle,0.0666,0.0929,-0.0264,-,idle,44.02,49.23,11.5,22.31,
15/11/2022 7:55:00 PM +11:00,1668502500,6.1079,6.1079,6.0972,6.0972,-,-,-,idle,0.0608,0.086,-0.0253,-,idle,41.22,48.46,0.17,10.32,
15/11/2022 7:56:00 PM +11:00,1668502560,6.0994,6.1009,6.0928,6.1009,-,-,ll,idle,0.0558,0.0795,-0.0237,-,idle,43.86,47.89,5.88,5.85,
15/11/2022 7:57:00 PM +11:00,1668502620,6.1027,6.1033,6.099,6.099,-,-,-,idle,0.0512,0.0734,-0.0223,-,idle,42.8,47.32,9.11,5.05,
15/11/2022 7:58:00 PM +11:00,1668502680,6.0992,6.1039,6.0985,6.1039,-,-,-,sell,0.0473,0.0678,-0.0204,-,idle,46.4,47.4,20.31,11.77,
15/11/2022 7:59:00 PM +11:00,1668502740,6.1051,6.1073,6.1006,6.1027,-,-,lh,idle,0.0437,0.0624,-0.0187,-,idle,45.64,47.09,24.17,17.86,
15/11/2022 8:00:00 PM +11:00,1668502800,6.0999,6.0999,6.0999,6.0999,-,-,-,idle,0.0401,0.0574,-0.0173,-,idle,43.84,46.18,29.51,24.67,
15/11/2022 8:01:00 PM +11:00,1668502860,6.1018,6.1054,6.1018,6.1054,-,-,-,idle,0.0373,0.0528,-0.0155,-,idle,48.17,46.07,41.51,31.73,
15/11/2022 8:02:00 PM +11:00,1668502920,6.0999,6.0999,6.0999,6.0999,-,-,-,idle,0.0342,0.0486,-0.0143,-,idle,44.48,45.8,42.82,37.95,
15/11/2022 8:03:00 PM +11:00,1668502980,6.0983,6.1062,6.0983,6.1062,-,-,-,idle,0.0319,0.0447,-0.0128,-,idle,49.27,45.86,60.95,48.42,
15/11/2022 8:04:00 PM +11:00,1668503040,6.0995,6.0995,6.0974,6.0974,-,-,-,idle,0.0291,0.0412,-0.0121,-,idle,43.61,45.32,47.64,50.47,
15/11/2022 8:05:00 PM +11:00,1668503100,6.0928,6.0928,6.0926,6.0927,-,-,ll,idle,0.0261,0.0379,-0.0118,-,idle,40.9,44.81,36.77,48.45,
15/11/2022 8:06:00 PM +11:00,1668503160,6.0927,6.0927,6.0927,6.0927,-,-,-,idle,0.0235,0.0348,-0.0113,-,idle,40.9,44.22,9.88,31.43,
15/11/2022 8:07:00 PM +11:00,1668503220,6.1022,6.1083,6.0984,6.1083,-,-,-,sell,0.0224,0.032,-0.0096,-,idle,52.29,44.81,33.33,26.66,
15/11/2022 8:08:00 PM +11:00,1668503280,6.1044,6.1047,6.1044,6.1047,-,-,-,idle,0.0211,0.0295,-0.0085,-,idle,49.9,45.23,59.67,34.3,
15/11/2022 8:09:00 PM +11:00,1668503340,6.1056,6.1166,6.1056,6.1166,-,buy,-,idle,0.0207,0.0274,-0.0067,-,idle,56.91,46.35,93.01,62,
15/11/2022 8:10:00 PM +11:00,1668503400,6.1167,6.1167,6.1167,6.1167,-,-,-,idle,0.0202,0.0255,-0.0053,-,idle,56.97,47.29,93.01,81.89,
15/11/2022 8:11:00 PM +11:00,1668503460,6.1166,6.1166,6.1166,6.1166,-,-,-,idle,0.0195,0.0238,-0.0043,-,idle,56.89,48.3,99.84,95.28,
15/11/2022 8:12:00 PM +11:00,1668503520,6.1209,6.1209,6.1154,6.1154,-,-,hh,idle,0.0187,0.0224,-0.0037,-,idle,55.91,48.98,97.64,96.83,
15/11/2022 8:13:00 PM +11:00,1668503580,6.1146,6.1146,6.1146,6.1146,-,-,-,idle,0.0178,0.0211,-0.0033,-,idle,55.22,49.66,94.02,97.17,
15/11/2022 8:14:00 PM +11:00,1668503640,6.1081,6.1122,6.108,6.1086,-,-,hl,idle,0.0164,0.02,-0.0037,-,idle,50.25,50.12,80.24,90.63,
15/11/2022 8:15:00 PM +11:00,1668503700,6.1086,6.1086,6.1086,6.1086,-,-,-,idle,0.0151,0.0191,-0.004,-,idle,50.25,50.27,68.5,80.92,
15/11/2022 8:16:00 PM +11:00,1668503760,6.1101,6.1101,6.1101,6.1101,-,-,-,buy,0.014,0.0182,-0.0041,-,idle,51.51,50.77,60.81,69.85,
15/11/2022 8:17:00 PM +11:00,1668503820,6.1098,6.1098,6.1098,6.1098,-,-,-,idle,0.013,0.0173,-0.0042,-,idle,51.23,50.91,62.86,64.06,
15/11/2022 8:18:00 PM +11:00,1668503880,6.1025,6.1067,6.096,6.0974,-,sell,-,idle,0.0111,0.0162,-0.0051,-,idle,41.23,50.74,44.14,55.94,
15/11/2022 8:19:00 PM +11:00,1668503940,6.096,6.096,6.0954,6.0954,-,-,hl,idle,0.0093,0.015,-0.0057,-,idle,39.88,50.67,22.12,43.04,
15/11/2022 8:20:00 PM +11:00,1668504000,6.0973,6.111,6.0963,6.111,-,-,-,idle,0.009,0.0138,-0.0048,-,idle,52.87,51.52,26.02,30.76,
15/11/2022 8:21:00 PM +11:00,1668504060,6.111,6.114,6.11,6.114,-,buy,-,idle,0.0089,0.0127,-0.0038,-,idle,54.88,51.71,54.6,34.25,
15/11/2022 8:22:00 PM +11:00,1668504120,6.114,6.114,6.1004,6.1004,-,-,lh,idle,0.0077,0.0116,-0.0039,-,idle,45.39,51.39,65.36,48.66,
15/11/2022 8:23:00 PM +11:00,1668504180,6.0946,6.0946,6.0872,6.0884,-,sell,-,idle,0.0057,0.0104,-0.0048,-,idle,38.99,50.11,40.03,53.33,
15/11/2022 8:24:00 PM +11:00,1668504240,6.0864,6.0864,6.069,6.0839,-,-,ll,idle,0.0037,0.0092,-0.0055,-,idle,36.89,48.67,10.76,38.72,
15/11/2022 8:25:00 PM +11:00,1668504300,6.0898,6.097,6.0898,6.097,-,-,-,idle,0.0031,0.0079,-0.0048,-,idle,46.01,47.89,15.99,22.26,
15/11/2022 8:26:00 PM +11:00,1668504360,6.097,6.1086,6.097,6.1086,-,buy,lh,sell,0.0035,0.0069,-0.0033,-,idle,52.55,47.65,44.48,23.74,
15/11/2022 8:27:00 PM +11:00,1668504420,6.0972,6.1028,6.0972,6.1028,-,-,-,idle,0.0034,0.006,-0.0026,-,idle,49.33,47.23,67.53,42.67,
15/11/2022 8:28:00 PM +11:00,1668504480,6.1007,6.1067,6.0864,6.1067,-,-,hl,idle,0.0035,0.0054,-0.0019,-,idle,51.49,47.32,78.58,63.53,
15/11/2022 8:29:00 PM +11:00,1668504540,6.1008,6.1008,6.1005,6.1005,-,-,-,idle,0.0031,0.0047,-0.0016,-,idle,48,47.16,70.68,72.26,
15/11/2022 8:30:00 PM +11:00,1668504600,6.1089,6.1163,6.1089,6.1094,-,-,hh,buy,0.0035,0.0041,-0.0007,-,idle,52.93,47.26,77.33,75.53,
15/11/2022 8:31:00 PM +11:00,1668504660,6.1103,6.1103,6.096,6.096,-,-,-,idle,0.0026,0.0036,-0.0009,-,idle,45.87,46.88,66.94,71.65,
15/11/2022 8:32:00 PM +11:00,1668504720,6.0842,6.0842,6.0805,6.0805,-,sell,-,idle,0.0007,0.003,-0.0023,-,idle,39.34,46.74,50.91,65.06,
15/11/2022 8:33:00 PM +11:00,1668504780,6.0787,6.0787,6.0689,6.0689,-,-,-,idle,-0.0017,0.0024,-0.0041,-,idle,35.29,46.42,21.19,46.35,
15/11/2022 8:34:00 PM +11:00,1668504840,6.0678,6.0688,6.065,6.065,-,-,ll,idle,-0.0039,0.0016,-0.0056,-,idle,34.02,45.07,4.55,25.55,
15/11/2022 8:35:00 PM +11:00,1668504900,6.0736,6.0972,6.0736,6.0967,-,buy,-,idle,-0.0031,0.0009,-0.004,-,idle,49.81,44.71,27.84,17.86,
15/11/2022 8:36:00 PM +11:00,1668504960,6.0931,6.1001,6.0871,6.0972,-,-,lh,sell,-0.0023,0.0003,-0.0026,-,idle,50.01,45.04,56.03,29.47,
15/11/2022 8:37:00 PM +11:00,1668505020,6.0952,6.0982,6.088,6.0982,-,-,-,idle,-0.0017,-0.0003,-0.0013,-,idle,50.45,45.86,84.98,56.28,
15/11/2022 8:38:00 PM +11:00,1668505080,6.0897,6.0897,6.087,6.087,-,-,-,idle,-0.002,-0.0009,-0.0011,-,idle,45.68,46.49,77.71,72.91,
15/11/2022 8:39:00 PM +11:00,1668505140,6.0818,6.0818,6.0491,6.0584,-,sell,-,idle,-0.0045,-0.0018,-0.0027,-,idle,36.27,45.79,53.47,72.05,
15/11/2022 8:40:00 PM +11:00,1668505200,6.0489,6.0633,6.0489,6.0633,-,-,ll,idle,-0.0061,-0.0027,-0.0033,-,idle,38.6,44.79,32.59,54.59,
15/11/2022 8:41:00 PM +11:00,1668505260,6.0676,6.0769,6.0676,6.0769,-,-,-,idle,-0.0061,-0.0035,-0.0026,-,idle,44.66,44.46,30.79,38.95,
15/11/2022 8:42:00 PM +11:00,1668505320,6.07,6.081,6.07,6.0804,-,-,lh,sell,-0.0058,-0.0039,-0.0018,-,idle,46.14,44.08,48.19,37.19,
15/11/2022 8:43:00 PM +11:00,1668505380,6.0766,6.0766,6.063,6.063,-,-,-,idle,-0.0069,-0.0043,-0.0026,-,idle,40.38,43.53,51.32,43.43,
15/11/2022 8:44:00 PM +11:00,1668505440,6.0601,6.0616,6.05,6.05,-,-,-,idle,-0.0087,-0.0049,-0.0038,-,idle,36.7,42.37,37.98,45.83,
15/11/2022 8:45:00 PM +11:00,1668505500,6.05,6.05,6.05,6.05,-,-,hl,idle,-0.01,-0.0057,-0.0042,-,idle,36.7,41.72,22.05,37.12,
15/11/2022 8:46:00 PM +11:00,1668505560,6.0722,6.0722,6.0508,6.0508,-,-,-,idle,-0.0108,-0.0068,-0.0041,-,idle,37.11,41.56,17.1,25.71,
15/11/2022 8:47:00 PM +11:00,1668505620,6.0725,6.0725,6.0725,6.0725,-,-,lh,buy,-0.0097,-0.0076,-0.002,-,idle,47.1,42.4,38.22,25.79,
15/11/2022 8:48:00 PM +11:00,1668505680,6.0708,6.072,6.0655,6.072,-,-,-,idle,-0.0087,-0.0081,-0.0006,-,idle,46.92,43.32,57.83,37.72,
15/11/2022 8:49:00 PM +11:00,1668505740,6.0719,6.0724,6.0572,6.0572,-,-,-,idle,-0.0089,-0.0084,-0.0006,-,idle,41.7,42.74,64.34,53.46,
15/11/2022 8:50:00 PM +11:00,1668505800,6.0499,6.0499,6.048,6.0496,-,-,ll,idle,-0.0097,-0.0088,-0.0009,-,idle,39.28,41.98,44.87,55.68,
15/11/2022 8:51:00 PM +11:00,1668505860,6.0582,6.0582,6.0485,6.0485,-,-,-,idle,-0.0102,-0.0093,-0.001,-,idle,38.93,41.15,28.02,45.74,
15/11/2022 8:52:00 PM +11:00,1668505920,6.0573,6.0812,6.0573,6.0812,-,-,-,sell,-0.008,-0.0094,0.0015,green,buy,52.53,41.64,48.59,40.49,
Date,Time,Open,High,Low,Close,FinalDecision,ChEDec,HiLo,HiLoDec,Macd,Signal,Histogram,Crossover,MacdDec,Rsi,RsiMa,Stoch_K,Stoch_D,pairA,pairB,Profit,AllProfit
15/11/2022 7:27:00 PM +11:00,1668500820,6.1398,6.1486,6.1398,6.1486,-,-,-,-,,,,-,-,,,,,
15/11/2022 7:28:00 PM +11:00,1668500880,6.1486,6.1486,6.1404,6.1428,-,-,-,-,,,,-,idle,,,,,
15/11/2022 7:29:00 PM +11:00,1668500940,6.1461,6.1563,6.1456,6.1533,-,-,-,-,,,,-,idle,,,,,
15/11/2022 7:30:00 PM +11:00,1668501000,6.1544,6.1544,6.1544,6.1544,-,-,-,-,,,,-,idle,,,,,
15/11/2022 7:31:00 PM +11:00,1668501060,6.1558,6.1571,6.1558,6.1571,-,-,-,idle,,,,-,idle,,,,,
15/11/2022 7:32:00 PM +11:00,1668501120,6.1588,6.1757,6.1588,6.1663,-,-,-,idle,,,,-,idle,,,,,
15/11/2022 7:33:00 PM +11:00,1668501180,6.1756,6.1756,6.1509,6.1519,-,-,-,idle,,,,-,idle,,,,,
15/11/2022 7:34:00 PM +11:00,1668501240,6.1577,6.164,6.1514,6.1514,-,-,-,idle,,,,-,idle,,,,,
15/11/2022 7:35:00 PM +11:00,1668501300,6.1461,6.1482,6.143,6.143,-,-,-,idle,,,,-,idle,,,,,
15/11/2022 7:36:00 PM +11:00,1668501360,6.1394,6.1439,6.1368,6.1368,-,-,-,idle,,,,-,idle,,,,,
15/11/2022 7:37:00 PM +11:00,1668501420,6.1382,6.1423,6.1178,6.1209,-,-,-,idle,,,,-,idle,,,,,
15/11/2022 7:38:00 PM +11:00,1668501480,6.1189,6.1306,6.1182,6.1264,-,-,-,idle,,,,-,idle,,,,,
15/11/2022 7:39:00 PM +11:00,1668501540,6.123,6.1264,6.1218,6.1254,-,-,-,idle,,,,-,idle,,,,,
15/11/2022 7:40:00 PM +11:00,1668501600,6.1211,6.1211,6.1125,6.1125,-,-,-,idle,,,,-,idle,,,,,
15/11/2022 7:41:00 PM +11:00,1668501660,6.1213,6.1213,6.1144,6.1173,-,-,-,idle,,,,-,idle,34.18,,34.18,34.18,
15/11/2022 7:42:00 PM +11:00,1668501720,6.1124,6.1173,6.112,6.1173,-,-,-,idle,,,,-,idle,34.18,,34.18,34.18,
15/11/2022 7:43:00 PM +11:00,1668501780,6.112,6.1152,6.1108,6.1152,-,-,-,idle,,,,-,idle,33.35,,22.78,30.38,
15/11/2022 7:44:00 PM +11:00,1668501840,6.1123,6.1123,6.1051,6.1051,-,-,-,idle,,,,-,idle,29.66,,11.39,22.78,
15/11/2022 7:45:00 PM +11:00,1668501900,6.1079,6.1134,6.0992,6.1134,-,-,-,idle,,,,-,idle,35.94,,33.33,22.5,
15/11/2022 7:46:00 PM +11:00,1668501960,6.1134,6.1282,6.1134,6.127,-,-,lh,idle,,,,-,idle,44.65,,66.67,37.13,
15/11/2022 7:47:00 PM +11:00,1668502020,6.1192,6.1192,6.1135,6.1135,-,-,-,idle,,,,-,idle,38.98,,87.39,62.46,
15/11/2022 7:48:00 PM +11:00,1668502080,6.1072,6.1109,6.1042,6.1109,-,-,hl,idle,,,,-,idle,37.98,,72.56,75.54,
15/11/2022 7:49:00 PM +11:00,1668502140,6.113,6.1133,6.1109,6.1109,-,sell,-,idle,,,,-,idle,37.98,,57.73,72.56,
15/11/2022 7:50:00 PM +11:00,1668502200,6.1112,6.1161,6.1112,6.1161,-,-,-,idle,,,,-,idle,41.47,,63.26,64.52,
15/11/2022 7:51:00 PM +11:00,1668502260,6.1181,6.1228,6.1104,6.1104,-,-,lh,idle,,,,-,idle,38.89,,65.27,62.09,
15/11/2022 7:52:00 PM +11:00,1668502320,6.1107,6.1122,6.1107,6.1122,-,-,-,idle,0.1746,,,-,idle,40.15,,70.09,66.21,
15/11/2022 7:53:00 PM +11:00,1668502380,6.1025,6.1025,6.1025,6.1025,-,-,-,idle,0.1645,,,-,idle,35.85,,57.6,64.32,
15/11/2022 7:54:00 PM +11:00,1668502440,6.1036,6.1036,6.1026,6.1026,-,-,-,idle,0.1547,,,-,idle,35.92,37.08,51,59.56,
15/11/2022 7:55:00 PM +11:00,1668502500,6.1079,6.1079,6.0972,6.0972,-,-,-,idle,0.1448,,,-,idle,33.6,37.04,36.42,48.34,
15/11/2022 7:56:00 PM +11:00,1668502560,6.0994,6.1009,6.0928,6.1009,-,-,ll,idle,0.1357,,,-,idle,36.62,37.22,38.15,41.86,
15/11/2022 7:57:00 PM +11:00,1668502620,6.1027,6.1033,6.099,6.099,-,-,-,idle,0.1269,,,-,idle,35.72,37.39,37.71,37.43,
15/11/2022 7:58:00 PM +11:00,1668502680,6.0992,6.1039,6.0985,6.1039,-,-,-,sell,0.1189,,,-,idle,39.83,38.11,47.75,41.21,
15/11/2022 7:59:00 PM +11:00,1668502740,6.1051,6.1073,6.1006,6.1027,-,-,lh,idle,0.1112,,,-,idle,39.17,38.35,49.08,44.85,
15/11/2022 8:00:00 PM +11:00,1668502800,6.0999,6.0999,6.0999,6.0999,-,-,-,idle,0.1037,0.1372,-0.0335,-,idle,37.6,37.84,52.58,49.8,
15/11/2022 8:01:00 PM +11:00,1668502860,6.1018,6.1054,6.1018,6.1054,-,-,-,idle,0.0971,0.1286,-0.0315,-,idle,42.47,38.09,67.11,56.26,
15/11/2022 8:02:00 PM +11:00,1668502920,6.0999,6.0999,6.0999,6.0999,-,-,-,idle,0.0903,0.1204,-0.03,-,idle,39.18,38.18,71.28,63.66,
15/11/2022 8:03:00 PM +11:00,1668502980,6.0983,6.1062,6.0983,6.1062,-,-,-,idle,0.0845,0.1126,-0.028,-,idle,44.49,38.64,87.64,75.34,
15/11/2022 8:04:00 PM +11:00,1668503040,6.0995,6.0995,6.0974,6.0974,-,-,-,idle,0.0783,0.1052,-0.0269,-,idle,39.33,38.49,71.84,76.92,
15/11/2022 8:05:00 PM +11:00,1668503100,6.0928,6.0928,6.0926,6.0927,-,-,ll,idle,0.0722,0.0981,-0.026,-,idle,36.87,38.34,60.87,73.45,
15/11/2022 8:06:00 PM +11:00,1668503160,6.0927,6.0927,6.0927,6.0927,-,-,-,idle,0.0665,0.0914,-0.0249,-,idle,36.87,38.11,37.54,56.75,
15/11/2022 8:07:00 PM +11:00,1668503220,6.1022,6.1083,6.0984,6.1083,-,-,-,sell,0.0626,0.0852,-0.0226,-,idle,49.12,39.06,53.34,50.58,
15/11/2022 8:08:00 PM +11:00,1668503280,6.1044,6.1047,6.1044,6.1047,-,-,-,idle,0.0585,0.0793,-0.0208,-,idle,46.86,39.84,71.82,54.23,
15/11/2022 8:09:00 PM +11:00,1668503340,6.1056,6.1166,6.1056,6.1166,-,buy,-,idle,0.0556,0.074,-0.0183,-,idle,54.34,41.32,95.15,73.43,
15/11/2022 8:10:00 PM +11:00,1668503400,6.1167,6.1167,6.1167,6.1167,-,-,-,idle,0.0527,0.069,-0.0163,-,idle,54.4,42.59,95.15,87.37,
15/11/2022 8:11:00 PM +11:00,1668503460,6.1166,6.1166,6.1166,6.1166,-,-,-,idle,0.0498,0.0645,-0.0147,-,idle,54.32,43.92,99.86,96.72,
15/11/2022 8:12:00 PM +11:00,1668503520,6.1209,6.1209,6.1154,6.1154,-,-,hh,idle,0.0469,0.0604,-0.0135,-,idle,53.38,44.88,97.92,97.64,
15/11/2022 8:13:00 PM +11:00,1668503580,6.1146,6.1146,6.1146,6.1146,-,-,-,idle,0.044,0.0566,-0.0125,-,idle,52.72,45.85,94.74,97.51,
15/11/2022 8:14:00 PM +11:00,1668503640,6.1081,6.1122,6.108,6.1086,-,-,hl,idle,0.0408,0.0531,-0.0123,-,idle,47.95,46.59,82.62,91.76,
15/11/2022 8:15:00 PM +11:00,1668503700,6.1086,6.1086,6.1086,6.1086,-,-,-,idle,0.0378,0.0499,-0.0121,-,idle,47.95,46.98,72.3,83.22,
15/11/2022 8:16:00 PM +11:00,1668503760,6.1101,6.1101,6.1101,6.1101,-,-,-,buy,0.0351,0.0468,-0.0117,-,idle,49.28,47.7,65.76,73.56,
15/11/2022 8:17:00 PM +11:00,1668503820,6.1098,6.1098,6.1098,6.1098,-,-,-,idle,0.0326,0.0439,-0.0113,-,idle,49.01,48.03,67.77,68.61,
15/11/2022 8:18:00 PM +11:00,1668503880,6.1025,6.1067,6.096,6.0974,-,sell,-,idle,0.0293,0.041,-0.0117,-,idle,39.4,48.03,51.53,61.69,
15/11/2022 8:19:00 PM +11:00,1668503940,6.096,6.096,6.0954,6.0954,-,-,hl,idle,0.0262,0.038,-0.0119,-,idle,38.11,48.12,30.28,49.86,
15/11/2022 8:20:00 PM +11:00,1668504000,6.0973,6.111,6.0963,6.111,-,-,-,idle,0.0247,0.0352,-0.0106,-,idle,51.52,49.17,34.63,38.81,
15/11/2022 8:21:00 PM +11:00,1668504060,6.111,6.114,6.11,6.114,-,buy,-,idle,0.0235,0.0326,-0.0092,-,idle,53.6,49.49,61.5,42.14,
15/11/2022 8:22:00 PM +11:00,1668504120,6.114,6.114,6.1004,6.1004,-,-,lh,idle,0.0212,0.0301,-0.0089,-,idle,44.31,49.3,71.83,55.99,
15/11/2022 8:23:00 PM +11:00,1668504180,6.0946,6.0946,6.0872,6.0884,-,sell,-,idle,0.0182,0.0276,-0.0094,-,idle,38.04,48.14,44.39,59.24,
15/11/2022 8:24:00 PM +11:00,1668504240,6.0864,6.0864,6.069,6.0839,-,-,ll,idle,0.0153,0.0251,-0.0098,-,idle,35.99,46.83,12.69,42.97,
15/11/2022 8:25:00 PM +11:00,1668504300,6.0898,6.097,6.0898,6.097,-,-,-,idle,0.0138,0.0227,-0.0089,-,idle,45.26,46.18,17.55,24.88,
15/11/2022 8:26:00 PM +11:00,1668504360,6.097,6.1086,6.097,6.1086,-,buy,lh,sell,0.0135,0.0206,-0.0071,-,idle,51.9,46.07,47.67,25.97,
15/11/2022 8:27:00 PM +11:00,1668504420,6.0972,6.1028,6.0972,6.1028,-,-,-,idle,0.0126,0.0188,-0.0061,-,idle,48.72,45.79,71.77,45.66,
15/11/2022 8:28:00 PM +11:00,1668504480,6.1007,6.1067,6.0864,6.1067,-,-,hl,idle,0.0121,0.0172,-0.0051,-,idle,50.9,46,82.45,67.3,
15/11/2022 8:29:00 PM +11:00,1668504540,6.1008,6.1008,6.1005,6.1005,-,-,-,idle,0.0111,0.0157,-0.0046,-,idle,47.44,45.96,74.01,76.07,
15/11/2022 8:30:00 PM +11:00,1668504600,6.1089,6.1163,6.1089,6.1094,-,-,hh,buy,0.0108,0.0143,-0.0035,-,idle,52.43,46.19,81.04,79.17,
15/11/2022 8:31:00 PM +11:00,1668504660,6.1103,6.1103,6.096,6.096,-,-,-,idle,0.0095,0.013,-0.0035,-,idle,45.44,45.93,70.71,75.25,
15/11/2022 8:32:00 PM +11:00,1668504720,6.0842,6.0842,6.0805,6.0805,-,sell,-,idle,0.007,0.0117,-0.0047,-,idle,38.96,45.9,54.65,68.8,
15/11/2022 8:33:00 PM +11:00,1668504780,6.0787,6.0787,6.0689,6.0689,-,-,-,idle,0.0041,0.0105,-0.0064,-,idle,34.95,45.68,23.52,49.63,
15/11/2022 8:34:00 PM +11:00,1668504840,6.0678,6.0688,6.065,6.065,-,-,ll,idle,0.0015,0.0091,-0.0076,-,idle,33.69,44.4,5.63,27.94,
15/11/2022 8:35:00 PM +11:00,1668504900,6.0736,6.0972,6.0736,6.0967,-,buy,-,idle,0.0019,0.0079,-0.0059,-,idle,49.57,44.12,28.23,19.13,
15/11/2022 8:36:00 PM +11:00,1668504960,6.0931,6.1001,6.0871,6.0972,-,-,lh,sell,0.0023,0.0067,-0.0044,-,idle,49.77,44.51,56.83,30.23,
15/11/2022 8:37:00 PM +11:00,1668505020,6.0952,6.0982,6.088,6.0982,-,-,-,idle,0.0027,0.0057,-0.003,-,idle,50.21,45.37,86.2,57.09,
15/11/2022 8:38:00 PM +11:00,1668505080,6.0897,6.0897,6.087,6.087,-,-,-,idle,0.002,0.0047,-0.0026,-,idle,45.46,46.05,78.9,73.98,
15/11/2022 8:39:00 PM +11:00,1668505140,6.0818,6.0818,6.0491,6.0584,-,sell,-,idle,-0.0008,0.0034,-0.0042,-,idle,36.09,45.4,54.57,73.22,
15/11/2022 8:40:00 PM +11:00,1668505200,6.0489,6.0633,6.0489,6.0633,-,-,ll,idle,-0.0026,0.002,-0.0046,-,idle,38.43,44.43,33.63,55.7,
15/11/2022 8:41:00 PM +11:00,1668505260,6.0676,6.0769,6.0676,6.0769,-,-,-,idle,-0.0029,0.0009,-0.0038,-,idle,44.51,44.13,31.93,40.04,
15/11/2022 8:42:00 PM +11:00,1668505320,6.07,6.081,6.07,6.0804,-,-,lh,sell,-0.0028,0.0001,-0.003,-,idle,45.99,43.78,49.54,38.36,
15/11/2022 8:43:00 PM +11:00,1668505380,6.0766,6.0766,6.063,6.063,-,-,-,idle,-0.0041,-0.0005,-0.0037,-,idle,40.25,43.27,52.77,44.75,
15/11/2022 8:44:00 PM +11:00,1668505440,6.0601,6.0616,6.05,6.05,-,-,-,idle,-0.0061,-0.0014,-0.0048,-,idle,36.58,42.14,39.35,47.22,
15/11/2022 8:45:00 PM +11:00,1668505500,6.05,6.05,6.05,6.05,-,-,hl,idle,-0.0076,-0.0025,-0.0051,-,idle,36.58,41.5,23.3,38.47,
15/11/2022 8:46:00 PM +11:00,1668505560,6.0722,6.0722,6.0508,6.0508,-,-,-,idle,-0.0087,-0.0038,-0.0049,-,idle,36.99,41.36,18.29,26.98,
15/11/2022 8:47:00 PM +11:00,1668505620,6.0725,6.0725,6.0725,6.0725,-,-,lh,buy,-0.0076,-0.0048,-0.0028,-,idle,47,42.22,39.34,26.98,
15/11/2022 8:48:00 PM +11:00,1668505680,6.0708,6.072,6.0655,6.072,-,-,-,idle,-0.0068,-0.0055,-0.0013,-,idle,46.82,43.16,58.85,38.83,
15/11/2022 8:49:00 PM +11:00,1668505740,6.0719,6.0724,6.0572,6.0572,-,-,-,idle,-0.0072,-0.006,-0.0012,-,idle,41.61,42.59,65.23,54.47,
15/11/2022 8:50:00 PM +11:00,1668505800,6.0499,6.0499,6.048,6.0496,-,-,ll,idle,-0.0081,-0.0066,-0.0015,-,idle,39.2,41.84,45.7,56.59,
15/11/2022 8:51:00 PM +11:00,1668505860,6.0582,6.0582,6.0485,6.0485,-,-,-,idle,-0.0088,-0.0072,-0.0015,-,idle,38.84,41.02,28.78,46.57,
15/11/2022 8:52:00 PM +11:00,1668505920,6.0573,6.0812,6.0573,6.0812,-,-,-,sell,-0.0066,-0.0075,0.0009,green,buy,52.47,41.53,49.08,41.18,
15/11/2022 8:53:00 PM +11:00,1668505980,6.0836,6.0912,6.0836,6.0912,-,buy,-,idle,-0.004,-0.0073,0.0033,-,idle,55.72,42.93,75.08,50.98,
15/11/2022 8:54:00 PM +11:00,1668506040,6.089,6.089,6.089,6.089,-,-,-,idle,-0.0021,-0.0067,0.0045,-,idle,54.83,44.1,98.45,74.2,
15/11/2022 8:55:00 PM +11:00,1668506100,6.0907,6.0919,6.0907,6.0919,-,-,-,idle,-0.0004,-0.0057,0.0054,-,idle,55.83,44.91,98.45,90.66,
15/11/2022 8:56:00 PM +11:00,1668506160,6.0919,6.0919,6.0919,6.0919,-,-,-,idle,0.001,-0.0048,0.0058,-,idle,55.83,45.61,98.45,98.45,
15/11/2022 8:57:00 PM +11:00,1668506220,6.0919,6.0919,6.0919,6.0919,-,-,hh,idle,0.0021,-0.0038,0.0058,-,idle,55.83,46.72,100,98.97,
15/11/2022 8:58:00 PM +11:00,1668506280,6.078,6.078,6.073,6.073,-,-,hl,idle,0.0013,-0.0028,0.0042,-,idle,47.31,47.49,85.25,94.57,
15/11/2022 8:59:00 PM +11:00,1668506340,6.0747,6.0747,6.0747,6.0747,-,-,-,idle,0.0009,-0.0018,0.0028,-,idle,48.08,48.31,71.53,85.59,
15/11/2022 9:00:00 PM +11:00,1668506400,6.0755,6.0797,6.0755,6.0797,-,-,-,buy,0.001,-0.0008,0.0017,-,idle,50.37,49.27,60.81,72.53,
15/11/2022 9:01:00 PM +11:00,1668506460,6.0875,6.0885,6.0842,6.0842,-,-,-,idle,0.0014,0.0001,0.0012,-,idle,52.4,49.65,68.84,67.06,
15/11/2022 9:02:00 PM +11:00,1668506520,6.0866,6.0893,6.0811,6.0811,-,-,-,idle,0.0014,0.0007,0.0007,-,idle,50.86,49.94,72.79,67.48,
15/11/2022 9:03:00 PM +11:00,1668506580,6.0796,6.0893,6.0796,6.0893,-,-,-,idle,0.0021,0.0012,0.0009,-,idle,54.67,50.88,81.22,74.28,
15/11/2022 9:04:00 PM +11:00,1668506640,6.0798,6.0798,6.0798,6.0798,-,-,-,idle,0.0018,0.0014,0.0004,-,idle,49.85,51.64,76.2,76.74,
15/11/2022 9:05:00 PM +11:00,1668506700,6.0818,6.0818,6.072,6.0794,-,-,-,idle,0.0016,0.0015,0.0001,-,idle,49.65,52.41,61.77,73.07,
15/11/2022 9:06:00 PM +11:00,1668506760,6.0794,6.0794,6.0794,6.0794,-,-,-,idle,0.0013,0.0014,-0.0001,red,sell,49.65,52.21,39.85,59.27,
15/11/2022 9:07:00 PM +11:00,1668506820,6.0786,6.0786,6.0627,6.0675,-,-,-,idle,0.0002,0.0013,-0.0011,-,idle,43.65,51.34,18.27,39.96,
15/11/2022 9:08:00 PM +11:00,1668506880,6.0635,6.0635,6.0607,6.0607,sell,sell,-,idle,-0.0012,0.0011,-0.0023,-,idle,40.62,50.33,9.13,22.42,
15/11/2022 9:09:00 PM +11:00,1668506940,6.0554,6.0554,6.0529,6.0529,hodl,-,-,idle,-0.003,0.0006,-0.0036,-,idle,37.42,49.01,0,9.13,
15/11/2022 9:10:00 PM +11:00,1668507000,6.0524,6.0524,6.0421,6.048,hodl,-,-,idle,-0.0047,0,-0.0046,-,idle,35.53,47.56,0,3.04,
15/11/2022 9:11:00 PM +11:00,1668507060,6.0487,6.0502,6.0487,6.0502,hodl,-,-,idle,-0.0058,-0.0008,-0.0049,-,idle,37.07,46.22,2.68,0.89,
15/11/2022 9:12:00 PM +11:00,1668507120,6.0543,6.0543,6.0543,6.0543,hodl,-,-,sell,-0.0063,-0.0018,-0.0045,-,idle,39.95,45.7,10.38,4.35,
15/11/2022 9:13:00 PM +11:00,1668507180,6.0562,6.0562,6.0548,6.0548,hodl,-,-,idle,-0.0065,-0.0027,-0.0038,-,idle,40.31,45.14,18.7,10.58,
15/11/2022 9:14:00 PM +11:00,1668507240,6.0542,6.0542,6.0542,6.0542,hodl,-,-,idle,-0.0067,-0.0036,-0.0031,-,idle,40,44.4,23.8,17.62,
15/11/2022 9:15:00 PM +11:00,1668507300,6.0577,6.0577,6.0577,6.0577,hodl,-,-,idle,-0.0065,-0.0045,-0.002,-,idle,42.75,43.71,28.68,23.72,
15/11/2022 9:16:00 PM +11:00,1668507360,6.0578,6.0653,6.0572,6.0624,hodl,-,-,idle,-0.0059,-0.0052,-0.0007,-,idle,46.32,43.39,39.14,30.54,
15/11/2022 9:17:00 PM +11:00,1668507420,6.0657,6.0657,6.0615,6.0615,hodl,-,-,idle,-0.0054,-0.0056,0.0002,green,buy,45.73,42.75,55.11,40.98,
15/11/2022 9:18:00 PM +11:00,1668507480,6.0659,6.0659,6.0659,6.0659,hodl,-,-,idle,-0.0046,-0.0058,0.0012,-,idle,49.12,42.7,74.63,56.29,
15/11/2022 9:19:00 PM +11:00,1668507540,6.0678,6.0723,6.0678,6.0723,buy,buy,-,idle,-0.0034,-0.0057,0.0022,-,idle,53.66,42.98,89.18,72.97,0,0
15/11/2022 9:20:00 PM +11:00,1668507600,6.0723,6.0723,6.0723,6.0723,hodl,-,-,idle,-0.0025,-0.0053,0.0028,-,idle,53.66,43.27,98.76,87.52,
15/11/2022 9:21:00 PM +11:00,1668507660,6.0757,6.0757,6.0757,6.0757,hodl,-,-,idle,-0.0014,-0.0048,0.0034,-,idle,56.08,44.16,100,95.98,
15/11/2022 9:22:00 PM +11:00,1668507720,6.0763,6.0763,6.0763,6.0763,hodl,-,-,idle,-0.0005,-0.0041,0.0036,-,idle,56.51,45.29,100,99.59,
15/11/2022 9:23:00 PM +11:00,1668507780,6.0763,6.0808,6.0763,6.0808,hodl,-,-,idle,0.0005,-0.0033,0.0038,-,idle,59.7,46.88,100,100,
15/11/2022 9:24:00 PM +11:00,1668507840,6.0761,6.079,6.0749,6.0788,hodl,-,-,idle,0.0012,-0.0024,0.0036,-,idle,57.68,48.47,97.02,99.01,
15/11/2022 9:25:00 PM +11:00,1668507900,6.0788,6.0788,6.0788,6.0788,hodl,-,-,idle,0.0017,-0.0016,0.0033,-,idle,57.68,49.94,93.6,96.87,
15/11/2022 9:26:00 PM +11:00,1668507960,6.0743,6.0795,6.0743,6.0794,hodl,-,-,idle,0.0021,-0.0008,0.0029,-,idle,58.17,51.24,91,93.87,
15/11/2022 9:27:00 PM +11:00,1668508020,6.081,6.0816,6.081,6.0816,hodl,-,-,idle,0.0026,0,0.0026,-,idle,60.01,52.65,93.99,92.86,
15/11/2022 9:28:00 PM +11:00,1668508080,6.0816,6.0842,6.0816,6.0842,hodl,-,-,idle,0.0032,0.0008,0.0024,-,idle,62.14,54.23,97.41,94.13,
15/11/2022 9:29:00 PM +11:00,1668508140,6.08,6.08,6.069,6.0741,hodl,-,-,idle,0.0028,0.0014,0.0014,-,idle,50.84,54.81,77.06,89.48,
15/11/2022 9:30:00 PM +11:00,1668508200,6.0762,6.0762,6.0731,6.075,hodl,-,-,idle,0.0025,0.0018,0.0007,-,idle,51.69,55.19,55.83,76.76,
15/11/2022 9:31:00 PM +11:00,1668508260,6.0791,6.0803,6.075,6.075,hodl,-,-,sell,0.0023,0.0021,0.0002,-,idle,51.69,55.62,29.06,53.98,
15/11/2022 9:32:00 PM +11:00,1668508320,6.076,6.076,6.076,6.076,hodl,-,-,idle,0.0021,0.0023,-0.0002,red,sell,52.73,55.87,24.24,36.37,
15/11/2022 9:33:00 PM +11:00,1668508380,6.0659,6.0659,6.0535,6.063,sell,sell,-,idle,0.0009,0.0023,-0.0013,-,idle,40.48,54.93,12.13,21.81,
15/11/2022 9:34:00 PM +11:00,1668508440,6.0732,6.0732,6.0732,6.0732,hodl,-,-,idle,0.0008,0.0022,-0.0013,-,idle,50.25,54.69,20.6,18.99,
15/11/2022 9:35:00 PM +11:00,1668508500,6.0648,6.0648,6.064,6.0648,hodl,-,-,sell,0.0001,0.0019,-0.0019,-,idle,43.86,53.82,20.24,17.66,
15/11/2022 9:36:00 PM +11:00,1668508560,6.0689,6.0689,6.0689,6.0689,hodl,-,-,idle,-0.0002,0.0016,-0.0018,-,idle,47.38,53.16,30.86,23.9,
15/11/2022 9:37:00 PM +11:00,1668508620,6.0842,6.089,6.0842,6.0864,buy,buy,-,idle,0.001,0.0014,-0.0004,-,idle,59.13,53.12,44.54,31.88,0,0
15/11/2022 9:38:00 PM +11:00,1668508680,6.0889,6.0932,6.0888,6.0932,hodl,-,-,idle,0.0024,0.0013,0.0011,green,buy,62.63,53.48,72.66,49.35,
15/11/2022 9:39:00 PM +11:00,1668508740,6.0938,6.0938,6.0909,6.0909,hodl,-,-,idle,0.0034,0.0014,0.0019,-,idle,60.74,53.69,92.53,69.91,
15/11/2022 9:40:00 PM +11:00,1668508800,6.0921,6.0978,6.0921,6.0978,hodl,-,-,idle,0.0046,0.0017,0.0029,-,idle,64.23,54.13,97.15,87.45,
15/11/2022 9:41:00 PM +11:00,1668508860,6.0978,6.108,6.0913,6.0913,hodl,-,-,idle,0.005,0.002,0.003,-,idle,58.91,54.05,89.69,93.13,
15/11/2022 9:42:00 PM +11:00,1668508920,6.097,6.097,6.094,6.094,hodl,-,-,idle,0.0055,0.0025,0.003,-,idle,60.38,53.92,87.14,91.33,
15/11/2022 9:43:00 PM +11:00,1668508980,6.0986,6.0987,6.0986,6.0987,hodl,-,-,idle,0.0062,0.0031,0.0031,-,idle,62.86,54.78,85.23,87.35,
15/11/2022 9:44:00 PM +11:00,1668509040,6.1038,6.1079,6.102,6.102,hodl,-,-,idle,0.0069,0.0039,0.003,-,idle,64.55,55.7,92.69,88.35,
15/11/2022 9:45:00 PM +11:00,1668509100,6.1032,6.1127,6.1032,6.112,hodl,-,-,idle,0.0082,0.0048,0.0034,-,idle,69.11,56.95,98.09,92,
15/11/2022 9:46:00 PM +11:00,1668509160,6.096,6.0971,6.096,6.0971,hodl,-,-,idle,0.0079,0.0056,0.0024,-,idle,57.28,57.27,86.23,92.33,
15/11/2022 9:47:00 PM +11:00,1668509220,6.0904,6.0904,6.0892,6.0892,hodl,-,-,idle,0.007,0.0061,0.0009,-,idle,52.18,58.11,63.87,82.73,
15/11/2022 9:48:00 PM +11:00,1668509280,6.099,6.099,6.0881,6.0881,hodl,-,-,idle,0.0061,0.0064,-0.0003,red,sell,51.49,58.2,40.61,63.57,
15/11/2022 9:49:00 PM +11:00,1668509340,6.0871,6.0871,6.0809,6.0809,sell,sell,-,idle,0.0047,0.0064,-0.0016,-,idle,47.12,58.43,21.05,41.84,
15/11/2022 9:50:00 PM +11:00,1668509400,6.0829,6.0829,6.0829,6.0829,hodl,-,-,idle,0.0038,0.0062,-0.0025,-,idle,48.43,58.5,12.06,24.57,
15/11/2022 9:51:00 PM +11:00,1668509460,6.0829,6.0829,6.0829,6.0829,hodl,-,-,idle,0.003,0.006,-0.003,-,idle,48.43,57.74,3.97,12.36,
15/11/2022 9:52:00 PM +11:00,1668509520,6.0861,6.0861,6.0823,6.0823,hodl,-,-,idle,0.0023,0.0055,-0.0032,-,idle,48.01,56.69,5.33,7.12,
15/11/2022 9:53:00 PM +11:00,1668509580,6.0839,6.0839,6.0839,6.0839,hodl,-,-,idle,0.0018,0.005,-0.0031,-,idle,49.26,55.87,6.59,5.3,
15/11/2022 9:54:00 PM +11:00,1668509640,6.0839,6.0839,6.0839,6.0839,hodl,-,-,idle,0.0015,0.0042,-0.0028,-,idle,49.26,54.8,7.86,6.59,
15/11/2022 9:55:00 PM +11:00,1668509700,6.1014,6.1025,6.1014,6.1025,buy,buy,-,idle,0.0027,0.0036,-0.001,-,idle,61.65,55,28.53,14.33,0,0
15/11/2022 9:56:00 PM +11:00,1668509760,6.1025,6.1025,6.1025,6.1025,hodl,-,-,idle,0.0035,0.0033,0.0003,green,buy,61.65,55.09,47.31,27.9,
15/11/2022 9:57:00 PM +11:00,1668509820,6.098,6.1024,6.098,6.1019,hodl,-,-,idle,0.0042,0.0031,0.0011,-,idle,61.09,54.96,65.25,47.03,
15/11/2022 9:58:00 PM +11:00,1668509880,6.1004,6.1026,6.098,6.1026,hodl,-,-,idle,0.0046,0.003,0.0016,-,idle,61.53,54.75,65.06,59.21,
15/11/2022 9:59:00 PM +11:00,1668509940,6.1046,6.112,6.1046,6.112,hodl,-,-,idle,0.0057,0.0033,0.0025,-,idle,66.91,54.59,76.37,68.89,
15/11/2022 10:00:00 PM +11:00,1668510000,6.1096,6.1096,6.0999,6.0999,hodl,-,-,idle,0.0055,0.0035,0.002,-,idle,56.04,54.5,70.21,70.55,
15/11/2022 10:01:00 PM +11:00,1668510060,6.0996,6.0996,6.0931,6.0947,hodl,-,-,idle,0.0049,0.0038,0.0011,-,idle,52.12,54.5,56.8,67.79,
15/11/2022 10:02:00 PM +11:00,1668510120,6.0964,6.0964,6.0964,6.0964,hodl,-,-,idle,0.0045,0.0041,0.0004,-,idle,53.28,54.63,33.84,53.62,
15/11/2022 10:03:00 PM +11:00,1668510180,6.1044,6.1159,6.1044,6.1159,hodl,-,-,idle,0.0057,0.0046,0.0011,-,idle,63.97,55.83,46.95,45.86,
15/11/2022 10:04:00 PM +11:00,1668510240,6.1163,6.1184,6.1163,6.1184,hodl,-,-,idle,0.0067,0.005,0.0017,-,idle,65.07,57.02,68.6,49.79,
15/11/2022 10:05:00 PM +11:00,1668510300,6.1189,6.127,6.1161,6.1239,hodl,-,-,idle,0.0079,0.0055,0.0024,-,idle,67.44,58.38,91.56,69.03,
15/11/2022 10:06:00 PM +11:00,1668510360,6.1134,6.1134,6.1025,6.1038,hodl,-,-,idle,0.0072,0.0059,0.0013,-,idle,53.25,58.75,70.75,76.97,
15/11/2022 10:07:00 PM +11:00,1668510420,6.1071,6.1071,6.0959,6.1071,hodl,-,-,idle,0.0068,0.0061,0.0007,-,idle,54.93,59.16,51.06,71.12,
15/11/2022 10:08:00 PM +11:00,1668510480,6.1111,6.1111,6.1065,6.1065,hodl,-,-,idle,0.0063,0.0062,0.0001,-,idle,54.55,59.54,23,48.27,
15/11/2022 10:09:00 PM +11:00,1668510540,6.103,6.1109,6.103,6.1093,hodl,-,-,idle,0.0061,0.0062,-0.0001,red,sell,56.09,59.14,24.3,32.79,
15/11/2022 10:10:00 PM +11:00,1668510600,6.1108,6.1108,6.0954,6.0975,sell,sell,-,idle,0.005,0.0062,-0.0013,-,idle,48.62,58.21,13.9,20.4,
15/11/2022 10:11:00 PM +11:00,1668510660,6.0957,6.0957,6.09,6.0921,hodl,-,-,idle,0.0036,0.0061,-0.0026,-,idle,45.62,57.1,8.62,15.61,
15/11/2022 10:12:00 PM +11:00,1668510720,6.1067,6.1097,6.1032,6.1032,hodl,-,-,idle,0.0033,0.0059,-0.0026,-,idle,52.15,56.43,9.97,10.83,
15/11/2022 10:13:00 PM +11:00,1668510780,6.0861,6.0893,6.0854,6.0893,hodl,-,-,idle,0.002,0.0053,-0.0034,-,idle,44.89,54.86,9.97,9.52,
15/11/2022 10:14:00 PM +11:00,1668510840,6.09,6.09,6.0869,6.0877,hodl,-,-,idle,0.0008,0.0045,-0.0038,-,idle,44.12,54.01,9.97,9.97,
15/11/2022 10:15:00 PM +11:00,1668510900,6.09,6.0927,6.081,6.0845,hodl,-,-,idle,-0.0005,0.0037,-0.0042,-,idle,42.57,53.32,0,6.65,
15/11/2022 10:16:00 PM +11:00,1668510960,6.0839,6.0839,6.0739,6.0739,hodl,-,-,idle,-0.0022,0.0027,-0.0049,-,idle,37.81,52.22,0,3.32,
15/11/2022 10:17:00 PM +11:00,1668511020,6.0735,6.0767,6.0448,6.0506,hodl,-,-,idle,-0.0055,0.0014,-0.0069,-,idle,29.9,49.79,0,0,
15/11/2022 10:18:00 PM +11:00,1668511080,6.0461,6.054,6.0461,6.0484,hodl,-,-,idle,-0.0081,-0.0002,-0.0079,-,idle,29.28,47.23,0,0,
15/11/2022 10:19:00 PM +11:00,1668511140,6.0609,6.0609,6.0573,6.0573,hodl,-,-,sell,-0.0094,-0.0018,-0.0076,-,idle,35.16,44.92,7.32,2.44,
15/11/2022 10:20:00 PM +11:00,1668511200,6.0599,6.072,6.0599,6.072,hodl,-,-,idle,-0.0091,-0.0032,-0.0059,-,idle,43.52,44.23,25.02,10.78,
Date,Time,Open,High,Low,Close,FinalDecision,ChEDec,HiLo,HiLoDec,Macd,Signal,Histogram,Crossover,MacdDec,Rsi,RsiMa,Stoch_K,Stoch_D,pairA,pairB,Profit,AllProfit
15/11/2022 8:57:00 PM +11:00,1668506220,6.0919,6.0919,6.0919,6.0919,-,-,-,-,,,,-,-,,,,,
15/11/2022 8:58:00 PM +11:00,1668506280,6.078,6.078,6.073,6.073,-,-,-,-,,,,-,idle,,,,,
15/11/2022 8:59:00 PM +11:00,1668506340,6.0747,6.0747,6.0747,6.0747,-,-,-,-,,,,-,idle,,,,,
15/11/2022 9:00:00 PM +11:00,1668506400,6.0755,6.0797,6.0755,6.0797,-,-,-,-,,,,-,idle,,,,,
15/11/2022 9:01:00 PM +11:00,1668506460,6.0875,6.0885,6.0842,6.0842,-,-,-,idle,,,,-,idle,,,,,
15/11/2022 9:02:00 PM +11:00,1668506520,6.0866,6.0893,6.0811,6.0811,-,-,-,idle,,,,-,idle,,,,,
15/11/2022 9:03:00 PM +11:00,1668506580,6.0796,6.0893,6.0796,6.0893,-,-,-,idle,,,,-,idle,,,,,
15/11/2022 9:04:00 PM +11:00,1668506640,6.0798,6.0798,6.0798,6.0798,-,-,-,idle,,,,-,idle,,,,,
15/11/2022 9:05:00 PM +11:00,1668506700,6.0818,6.0818,6.072,6.0794,-,-,-,idle,,,,-,idle,,,,,
15/11/2022 9:06:00 PM +11:00,1668506760,6.0794,6.0794,6.0794,6.0794,-,-,-,idle,,,,-,idle,,,,,
15/11/2022 9:07:00 PM +11:00,1668506820,6.0786,6.0786,6.0627,6.0675,-,-,-,idle,,,,-,idle,,,,,
15/11/2022 9:08:00 PM +11:00,1668506880,6.0635,6.0635,6.0607,6.0607,-,-,-,idle,,,,-,idle,,,,,
15/11/2022 9:09:00 PM +11:00,1668506940,6.0554,6.0554,6.0529,6.0529,-,-,-,idle,,,,-,idle,,,,,
15/11/2022 9:10:00 PM +11:00,1668507000,6.0524,6.0524,6.0421,6.048,-,-,-,idle,,,,-,idle,,,,,
15/11/2022 9:11:00 PM +11:00,1668507060,6.0487,6.0502,6.0487,6.0502,-,-,-,idle,,,,-,idle,25.44,,25.44,25.44,
15/11/2022 9:12:00 PM +11:00,1668507120,6.0543,6.0543,6.0543,6.0543,-,-,-,idle,,,,-,idle,29.13,,27.28,26.36,
15/11/2022 9:13:00 PM +11:00,1668507180,6.0562,6.0562,6.0548,6.0548,-,-,-,idle,,,,-,idle,29.58,,51.52,34.75,
15/11/2022 9:14:00 PM +11:00,1668507240,6.0542,6.0542,6.0542,6.0542,-,-,-,idle,,,,-,idle,29.34,,74.41,51.07,
15/11/2022 9:15:00 PM +11:00,1668507300,6.0577,6.0577,6.0577,6.0577,-,-,-,idle,,,,-,idle,32.83,,98.03,74.65,
15/11/2022 9:16:00 PM +11:00,1668507360,6.0578,6.0653,6.0572,6.0624,-,-,-,idle,,,,-,idle,37.31,,98.03,90.16,
15/11/2022 9:17:00 PM +11:00,1668507420,6.0657,6.0657,6.0615,6.0615,-,-,-,idle,,,,-,idle,36.8,,98.58,98.21,
15/11/2022 9:18:00 PM +11:00,1668507480,6.0659,6.0659,6.0659,6.0659,-,-,-,idle,,,,-,idle,41.01,,98.58,98.4,
15/11/2022 9:19:00 PM +11:00,1668507540,6.0678,6.0723,6.0678,6.0723,-,-,-,idle,,,,-,idle,46.58,,98.58,98.58,
15/11/2022 9:20:00 PM +11:00,1668507600,6.0723,6.0723,6.0723,6.0723,-,-,-,idle,,,,-,idle,46.58,,100,99.05,
15/11/2022 9:21:00 PM +11:00,1668507660,6.0757,6.0757,6.0757,6.0757,-,-,-,idle,,,,-,idle,49.52,,100,99.53,
15/11/2022 9:22:00 PM +11:00,1668507720,6.0763,6.0763,6.0763,6.0763,-,-,-,idle,0.1844,,,-,idle,50.04,,100,100,
15/11/2022 9:23:00 PM +11:00,1668507780,6.0763,6.0808,6.0763,6.0808,-,-,lh,idle,0.1756,,,-,idle,53.9,,100,100,
15/11/2022 9:24:00 PM +11:00,1668507840,6.0761,6.079,6.0749,6.0788,-,-,-,idle,0.1666,,,-,idle,51.98,40,97.75,99.25,
15/11/2022 9:25:00 PM +11:00,1668507900,6.0788,6.0788,6.0788,6.0788,-,-,-,idle,0.1576,,,-,idle,51.98,41.9,95.17,97.64,
15/11/2022 9:26:00 PM +11:00,1668507960,6.0743,6.0795,6.0743,6.0794,-,-,hl,idle,0.1489,,,-,idle,52.57,43.57,93.36,95.43,
15/11/2022 9:27:00 PM +11:00,1668508020,6.081,6.0816,6.081,6.0816,-,-,-,idle,0.1405,,,-,idle,54.75,45.37,95.61,94.71,
15/11/2022 9:28:00 PM +11:00,1668508080,6.0816,6.0842,6.0816,6.0842,-,-,hh,idle,0.1325,,,-,idle,57.26,47.37,98.19,95.72,
15/11/2022 9:29:00 PM +11:00,1668508140,6.08,6.08,6.069,6.0741,-,-,ll,idle,0.124,,,-,idle,46.48,48.34,82.45,92.08,
15/11/2022 9:30:00 PM +11:00,1668508200,6.0762,6.0762,6.0731,6.075,-,-,-,idle,0.1159,0.1496,-0.0336,-,idle,47.43,49.06,66.44,82.36,
15/11/2022 9:31:00 PM +11:00,1668508260,6.0791,6.0803,6.075,6.075,-,-,lh,sell,0.1083,0.1411,-0.0328,-,idle,47.43,49.82,46.28,65.06,
15/11/2022 9:32:00 PM +11:00,1668508320,6.076,6.076,6.076,6.076,-,-,-,idle,0.1012,0.1328,-0.0317,-,idle,48.61,50.37,37.07,49.93,
15/11/2022 9:33:00 PM +11:00,1668508380,6.0659,6.0659,6.0535,6.063,-,sell,ll,idle,0.0934,0.1247,-0.0313,-,idle,37.03,49.68,19.75,34.37,
15/11/2022 9:34:00 PM +11:00,1668508440,6.0732,6.0732,6.0732,6.0732,-,buy,-,idle,0.087,0.1168,-0.0298,-,idle,47.58,49.75,23.96,26.93,
15/11/2022 9:35:00 PM +11:00,1668508500,6.0648,6.0648,6.064,6.0648,-,sell,-,sell,0.0804,0.1092,-0.0288,-,idle,41.42,49.18,24.63,22.78,
15/11/2022 9:36:00 PM +11:00,1668508560,6.0689,6.0689,6.0689,6.0689,-,-,-,idle,0.0746,0.1019,-0.0273,-,idle,45.15,48.83,38.02,28.87,
15/11/2022 9:37:00 PM +11:00,1668508620,6.0842,6.089,6.0842,6.0864,-,buy,-,idle,0.0706,0.095,-0.0244,-,idle,57.57,49.09,53.97,38.87,
15/11/2022 9:38:00 PM +11:00,1668508680,6.0889,6.0932,6.0888,6.0932,-,-,-,idle,0.0673,0.0887,-0.0215,-,idle,61.25,49.75,80.06,57.35,
15/11/2022 9:39:00 PM +11:00,1668508740,6.0938,6.0938,6.0909,6.0909,-,-,-,idle,0.0636,0.0829,-0.0193,-,idle,59.37,50.28,97.42,77.15,
15/11/2022 9:40:00 PM +11:00,1668508800,6.0921,6.0978,6.0921,6.0978,-,-,-,idle,0.0607,0.0776,-0.017,-,idle,63.03,51.03,97.42,91.63,
15/11/2022 9:41:00 PM +11:00,1668508860,6.0978,6.108,6.0913,6.0913,-,-,hh,idle,0.0571,0.0727,-0.0157,-,idle,57.76,51.24,90.67,95.17,
15/11/2022 9:42:00 PM +11:00,1668508920,6.097,6.097,6.094,6.094,-,-,-,idle,0.0539,0.0684,-0.0145,-,idle,59.28,51.39,88.45,92.18,
15/11/2022 9:43:00 PM +11:00,1668508980,6.0986,6.0987,6.0986,6.0987,-,-,-,idle,0.0511,0.0644,-0.0133,-,idle,61.86,52.48,86.95,88.69,
15/11/2022 9:44:00 PM +11:00,1668509040,6.1038,6.1079,6.102,6.102,-,-,-,idle,0.0486,0.0608,-0.0122,-,idle,63.6,53.64,93.7,89.7,
15/11/2022 9:45:00 PM +11:00,1668509100,6.1032,6.1127,6.1032,6.112,-,-,hh,idle,0.0469,0.0578,-0.0108,-,idle,68.32,55.13,98.5,93.05,
15/11/2022 9:46:00 PM +11:00,1668509160,6.096,6.0971,6.096,6.0971,-,-,-,idle,0.0439,0.0548,-0.0109,-,idle,56.55,55.7,87.47,93.22,
15/11/2022 9:47:00 PM +11:00,1668509220,6.0904,6.0904,6.0892,6.0892,-,-,-,idle,0.0403,0.0518,-0.0115,-,idle,51.49,56.73,66.61,84.19,
15/11/2022 9:48:00 PM +11:00,1668509280,6.099,6.099,6.0881,6.0881,-,-,-,idle,0.037,0.0488,-0.0118,-,idle,50.81,56.96,44.9,66.32,
15/11/2022 9:49:00 PM +11:00,1668509340,6.0871,6.0871,6.0809,6.0809,-,sell,hl,idle,0.0334,0.0458,-0.0124,-,idle,46.47,57.32,25.99,45.83,
15/11/2022 9:50:00 PM +11:00,1668509400,6.0829,6.0829,6.0829,6.0829,-,-,-,idle,0.0304,0.0428,-0.0124,-,idle,47.8,57.51,15.55,28.81,
15/11/2022 9:51:00 PM +11:00,1668509460,6.0829,6.0829,6.0829,6.0829,-,-,-,idle,0.0277,0.0399,-0.0123,-,idle,47.8,56.81,5.96,15.83,
15/11/2022 9:52:00 PM +11:00,1668509520,6.0861,6.0861,6.0823,6.0823,-,-,lh,idle,0.0252,0.0371,-0.0119,-,idle,47.39,55.82,5.48,9,
15/11/2022 9:53:00 PM +11:00,1668509580,6.0839,6.0839,6.0839,6.0839,-,-,-,idle,0.0231,0.0342,-0.0111,-,idle,48.66,55.06,6.78,6.07,
15/11/2022 9:54:00 PM +11:00,1668509640,6.0839,6.0839,6.0839,6.0839,-,buy,-,idle,0.0211,0.0313,-0.0102,-,idle,48.66,54.03,8.09,6.78,
15/11/2022 9:55:00 PM +11:00,1668509700,6.1014,6.1025,6.1014,6.1025,-,-,-,idle,0.0209,0.0288,-0.0079,-,idle,61.24,54.28,29.22,14.7,
15/11/2022 9:56:00 PM +11:00,1668509760,6.1025,6.1025,6.1025,6.1025,-,-,-,idle,0.0204,0.0266,-0.0061,-,idle,61.24,54.42,48.42,28.58,
15/11/2022 9:57:00 PM +11:00,1668509820,6.098,6.1024,6.098,6.1019,-,-,-,idle,0.0198,0.0247,-0.0049,-,idle,60.69,54.34,66.77,48.13,
15/11/2022 9:58:00 PM +11:00,1668509880,6.1004,6.1026,6.098,6.1026,-,-,-,idle,0.0192,0.0231,-0.0039,-,idle,61.13,54.16,66.59,60.59,
15/11/2022 9:59:00 PM +11:00,1668509940,6.1046,6.112,6.1046,6.112,-,-,lh,idle,0.0192,0.0218,-0.0027,-,idle,66.59,54.04,77.39,70.25,
15/11/2022 10:00:00 PM +11:00,1668510000,6.1096,6.1096,6.0999,6.0999,-,-,-,idle,0.018,0.0208,-0.0028,-,idle,55.74,53.98,71.07,71.68,
15/11/2022 10:01:00 PM +11:00,1668510060,6.0996,6.0996,6.0931,6.0947,-,-,hl,idle,0.0165,0.0198,-0.0033,-,idle,51.83,54,57.59,68.68,
15/11/2022 10:02:00 PM +11:00,1668510120,6.0964,6.0964,6.0964,6.0964,-,-,-,idle,0.0152,0.0189,-0.0037,-,idle,52.99,54.16,35.07,54.58,
15/11/2022 10:03:00 PM +11:00,1668510180,6.1044,6.1159,6.1044,6.1159,-,-,-,idle,0.0156,0.0183,-0.0027,-,idle,63.77,55.39,48.16,46.94,
15/11/2022 10:04:00 PM +11:00,1668510240,6.1163,6.1184,6.1163,6.1184,-,-,-,idle,0.0159,0.0177,-0.0018,-,idle,64.88,56.62,69.64,50.96,
15/11/2022 10:05:00 PM +11:00,1668510300,6.1189,6.127,6.1161,6.1239,-,-,hh,idle,0.0164,0.0173,-0.0009,-,idle,67.26,58.01,92.16,69.99,
15/11/2022 10:06:00 PM +11:00,1668510360,6.1134,6.1134,6.1025,6.1038,-,-,-,idle,0.0151,0.0168,-0.0017,-,idle,53.1,58.41,71.67,77.82,
15/11/2022 10:07:00 PM +11:00,1668510420,6.1071,6.1071,6.0959,6.1071,-,-,hl,idle,0.0141,0.0162,-0.0021,-,idle,54.78,58.85,52.27,72.03,
15/11/2022 10:08:00 PM +11:00,1668510480,6.1111,6.1111,6.1065,6.1065,-,-,-,idle,0.0131,0.0155,-0.0025,-,idle,54.4,59.26,24.48,49.47,
15/11/2022 10:09:00 PM +11:00,1668510540,6.103,6.1109,6.103,6.1093,-,-,-,idle,0.0124,0.0149,-0.0025,-,idle,55.95,58.88,25.41,34.05,
15/11/2022 10:10:00 PM +11:00,1668510600,6.1108,6.1108,6.0954,6.0975,-,sell,-,idle,0.0107,0.0143,-0.0035,-,idle,48.49,57.97,14.43,21.44,
15/11/2022 10:11:00 PM +11:00,1668510660,6.0957,6.0957,6.09,6.0921,-,-,-,idle,0.0089,0.0136,-0.0047,-,idle,45.5,56.89,8.88,16.24,
15/11/2022 10:12:00 PM +11:00,1668510720,6.1067,6.1097,6.1032,6.1032,-,-,-,idle,0.0083,0.0128,-0.0045,-,idle,52.04,56.24,10.02,11.11,
15/11/2022 10:13:00 PM +11:00,1668510780,6.0861,6.0893,6.0854,6.0893,-,-,-,idle,0.0066,0.0117,-0.0052,-,idle,44.79,54.68,10.02,9.64,
15/11/2022 10:14:00 PM +11:00,1668510840,6.09,6.09,6.0869,6.0877,-,-,-,idle,0.005,0.0105,-0.0054,-,idle,44.03,53.84,10.02,10.02,
15/11/2022 10:15:00 PM +11:00,1668510900,6.09,6.0927,6.081,6.0845,-,-,-,idle,0.0035,0.0092,-0.0057,-,idle,42.48,53.18,0,6.68,
15/11/2022 10:16:00 PM +11:00,1668510960,6.0839,6.0839,6.0739,6.0739,-,-,-,idle,0.0014,0.0078,-0.0063,-,idle,37.73,52.09,0,3.34,
15/11/2022 10:17:00 PM +11:00,1668511020,6.0735,6.0767,6.0448,6.0506,-,-,ll,idle,-0.0021,0.0061,-0.0082,-,idle,29.83,49.66,0,0,
15/11/2022 10:18:00 PM +11:00,1668511080,6.0461,6.054,6.0461,6.0484,-,-,-,idle,-0.005,0.0041,-0.0091,-,idle,29.21,47.11,0,0,
15/11/2022 10:19:00 PM +11:00,1668511140,6.0609,6.0609,6.0573,6.0573,-,-,-,sell,-0.0065,0.0022,-0.0087,-,idle,35.1,44.82,7.35,2.45,
15/11/2022 10:20:00 PM +11:00,1668511200,6.0599,6.072,6.0599,6.072,-,-,-,idle,-0.0064,0.0005,-0.0069,-,idle,43.47,44.13,25.12,10.82,
15/11/2022 10:21:00 PM +11:00,1668511260,6.072,6.072,6.0631,6.0631,-,-,-,idle,-0.007,-0.0012,-0.0058,-,idle,40.1,43.08,38.7,23.72,
15/11/2022 10:22:00 PM +11:00,1668511320,6.0757,6.082,6.071,6.071,-,-,lh,idle,-0.0067,-0.0026,-0.0041,-,idle,44.23,42.35,50.08,37.97,
15/11/2022 10:23:00 PM +11:00,1668511380,6.0764,6.0764,6.072,6.072,-,-,-,idle,-0.0064,-0.0039,-0.0025,-,idle,44.75,41.55,54.99,47.93,
15/11/2022 10:24:00 PM +11:00,1668511440,6.0771,6.0771,6.0771,6.0771,-,-,-,idle,-0.0056,-0.0049,-0.0007,-,idle,47.44,41.48,68.04,57.7,
15/11/2022 10:25:00 PM +11:00,1668511500,6.0812,6.0899,6.0792,6.0874,-,buy,-,idle,-0.0042,-0.0055,0.0014,green,buy,52.48,41.98,82.64,68.56,
15/11/2022 10:26:00 PM +11:00,1668511560,6.0894,6.096,6.0894,6.096,-,-,-,idle,-0.0023,-0.0056,0.0033,-,idle,56.24,42.28,93.28,81.32,
15/11/2022 10:27:00 PM +11:00,1668511620,6.0953,6.0993,6.0934,6.0958,-,-,lh,idle,-0.0008,-0.0051,0.0043,-,idle,56.13,43.09,99.86,91.93,
15/11/2022 10:28:00 PM +11:00,1668511680,6.0966,6.0966,6.0966,6.0966,-,-,-,idle,0.0005,-0.0043,0.0048,-,idle,56.5,43.98,99.86,97.67,
15/11/2022 10:29:00 PM +11:00,1668511740,6.0926,6.0926,6.0855,6.0906,-,-,hl,idle,0.001,-0.0035,0.0045,-,idle,52.89,44.72,95.45,98.39,
15/11/2022 10:30:00 PM +11:00,1668511800,6.0943,6.0957,6.0943,6.0957,-,-,-,idle,0.0017,-0.0025,0.0043,-,idle,55.5,45.99,94.35,96.55,
15/11/2022 10:31:00 PM +11:00,1668511860,6.0973,6.1044,6.0973,6.0982,-,-,-,idle,0.0025,-0.0015,0.004,-,idle,56.76,47.92,94.35,94.72,
15/11/2022 10:32:00 PM +11:00,1668511920,6.0982,6.0982,6.0982,6.0982,-,-,-,idle,0.0031,-0.0004,0.0036,-,idle,56.76,49.88,98.77,95.82,
15/11/2022 10:33:00 PM +11:00,1668511980,6.1023,6.105,6.1023,6.1035,-,-,-,idle,0.004,0.0006,0.0033,-,idle,59.58,51.63,100,97.71,
15/11/2022 10:34:00 PM +11:00,1668512040,6.1032,6.1035,6.1007,6.1007,-,-,-,idle,0.0044,0.0016,0.0028,-,idle,57.45,52.63,96.35,98.37,
15/11/2022 10:35:00 PM +11:00,1668512100,6.1019,6.1019,6.1019,6.1019,-,-,-,idle,0.0047,0.0023,0.0024,-,idle,58.14,53.92,93.22,96.52,
